location_id,worst_overshoot_frac,worst_feature,outside_training_range,materially_outside
900000,0.3926,dist_to_nearest_powerplant_km,True,True
900001,0.5046,dist_to_nearest_powerplant_km,True,True
900002,0.6184,dist_to_nearest_powerplant_km,True,True
900003,0.5399,dist_to_nearest_powerplant_km,True,True
900004,0.4163,dist_to_nearest_powerplant_km,True,True
900005,0.2929,dist_to_nearest_powerplant_km,True,True
900006,0.1697,dist_to_nearest_powerplant_km,True,False
900007,0.047,dist_to_nearest_powerplant_km,True,False
900008,0.0,,False,False
900009,0.0,,False,False
900010,0.0377,grassland_pct,True,False
900011,0.308,grassland_pct,True,True
900012,0.6621,grassland_pct,True,True
900013,0.6942,grassland_pct,True,True
900014,0.4907,grassland_pct,True,True
900015,0.1157,shrubland_pct,True,False
900016,1.3693,shrubland_pct,True,True
900017,1.5621,shrubland_pct,True,True
900018,0.8004,shrubland_pct,True,True
900019,1.1387,shrubland_pct,True,True
900020,1.4695,shrubland_pct,True,True
900021,1.5668,slope_deg,True,True
900022,1.3949,slope_deg,True,True
900023,1.3054,shrubland_pct,True,True
900024,1.8542,shrubland_pct,True,True
900025,1.2958,shrubland_pct,True,True
900026,0.3563,slope_deg,True,True
900027,0.2923,dist_to_nearest_powerplant_km,True,True
900028,0.2549,dist_to_nearest_powerplant_km,True,True
900029,0.1729,dist_to_nearest_powerplant_km,True,False
900030,0.0989,dist_to_nearest_powerplant_km,True,False
900031,0.0345,dist_to_nearest_powerplant_km,True,False
900032,0.0,,False,False
900033,0.0,,False,False
900034,0.3494,dist_to_nearest_powerplant_km,True,True
900035,0.4541,dist_to_nearest_powerplant_km,True,True
900036,0.5617,dist_to_nearest_powerplant_km,True,True
900037,0.653,dist_to_nearest_powerplant_km,True,True
900038,0.5283,dist_to_nearest_powerplant_km,True,True
900039,0.4037,dist_to_nearest_powerplant_km,True,True
900040,0.2791,dist_to_nearest_powerplant_km,True,True
900041,0.1546,dist_to_nearest_powerplant_km,True,False
900042,0.0301,dist_to_nearest_powerplant_km,True,False
900043,0.0,,False,False
900044,0.0,,False,False
900045,0.0,,False,False
900046,0.0,,False,False
900047,0.3355,grassland_pct,True,True
900048,0.5808,grassland_pct,True,True
900049,0.0781,grassland_pct,True,False
900050,0.0,,False,False
900051,1.0868,shrubland_pct,True,True
900052,1.6948,shrubland_pct,True,True
900053,0.9233,shrubland_pct,True,True
900054,0.9774,shrubland_pct,True,True
900055,1.8536,shrubland_pct,True,True
900056,0.8613,shrubland_pct,True,True
900057,0.8701,slope_deg,True,True
900058,0.8992,shrubland_pct,True,True
900059,1.5899,shrubland_pct,True,True
900060,1.7518,shrubland_pct,True,True
900061,0.9403,shrubland_pct,True,True
900062,0.1676,dist_to_nearest_powerplant_km,True,False
900063,0.1714,dist_to_nearest_powerplant_km,True,False
900064,0.1882,dist_to_nearest_powerplant_km,True,False
900065,0.2045,dist_to_nearest_powerplant_km,True,False
900066,0.1459,dist_to_nearest_powerplant_km,True,False
900067,0.0983,dist_to_nearest_powerplant_km,True,False
900068,0.063,dist_to_nearest_powerplant_km,True,False
900069,0.4235,dist_to_nearest_powerplant_km,True,True
900070,0.5231,dist_to_nearest_powerplant_km,True,True
900071,0.6262,dist_to_nearest_powerplant_km,True,True
900072,0.6515,dist_to_nearest_powerplant_km,True,True
900073,0.5268,dist_to_nearest_powerplant_km,True,True
900074,0.402,dist_to_nearest_powerplant_km,True,True
900075,0.2773,dist_to_nearest_powerplant_km,True,True
900076,0.1525,dist_to_nearest_powerplant_km,True,False
900077,0.0278,dist_to_nearest_powerplant_km,True,False
900078,0.0,,False,False
900079,0.0,,False,False
900080,0.0,,False,False
900081,0.0649,slope_deg,True,False
900082,0.0,,False,False
900083,0.0,,False,False
900084,0.0,,False,False
900085,0.0,,False,False
900086,0.0,,False,False
900087,0.0,,False,False
900088,0.0347,elevation_m,True,False
900089,0.073,elevation_m,True,False
900090,0.1552,elevation_m,True,False
900091,0.6231,shrubland_pct,True,True
900092,0.5407,shrubland_pct,True,True
900093,0.806,shrubland_pct,True,True
900094,1.1425,shrubland_pct,True,True
900095,1.4954,shrubland_pct,True,True
900096,1.3269,shrubland_pct,True,True
900097,0.1477,shrubland_pct,True,False
900098,0.0471,dist_to_nearest_powerplant_km,True,False
900099,0.267,slope_deg,True,True
900100,0.0982,dist_to_nearest_powerplant_km,True,False
900101,0.1431,dist_to_nearest_powerplant_km,True,False
900102,0.1992,dist_to_nearest_powerplant_km,True,False
900103,0.1848,dist_to_nearest_powerplant_km,True,False
900104,0.1107,cropland_pct,True,False
900105,0.1037,cropland_pct,True,False
900106,0.0274,dist_to_nearest_powerplant_km,True,False
900107,0.0699,dist_to_nearest_powerplant_km,True,False
900108,0.1211,dist_to_nearest_powerplant_km,True,False
900109,0.1817,dist_to_nearest_powerplant_km,True,False
900110,0.2516,dist_to_nearest_powerplant_km,True,True
900111,0.3295,dist_to_nearest_powerplant_km,True,True
900112,0.5042,dist_to_nearest_powerplant_km,True,True
900113,0.5989,dist_to_nearest_powerplant_km,True,True
900114,0.6327,dist_to_nearest_powerplant_km,True,True
900115,0.569,dist_to_nearest_powerplant_km,True,True
900116,0.5129,dist_to_nearest_powerplant_km,True,True
900117,0.4112,dist_to_nearest_powerplant_km,True,True
900118,0.2874,dist_to_nearest_powerplant_km,True,True
900119,0.1637,dist_to_nearest_powerplant_km,True,False
900120,0.0403,dist_to_nearest_powerplant_km,True,False
900121,0.0,,False,False
900122,0.0,,False,False
900123,0.0,,False,False
900124,0.0,,False,False
900125,0.3831,shrubland_pct,True,True
900126,0.0,,False,False
900127,0.0,,False,False
900128,0.0,,False,False
900129,0.0,,False,False
900130,0.0,,False,False
900131,0.0,,False,False
900132,0.1832,grassland_pct,True,False
900133,0.4807,grassland_pct,True,True
900134,0.6844,shrubland_pct,True,True
900135,1.2879,shrubland_pct,True,True
900136,1.7049,shrubland_pct,True,True
900137,1.4535,shrubland_pct,True,True
900138,1.3496,shrubland_pct,True,True
900139,1.4247,shrubland_pct,True,True
900140,0.5921,shrubland_pct,True,True
900141,0.0,,False,False
900142,0.0,,False,False
900143,0.0,,False,False
900144,0.0304,dist_to_nearest_powerplant_km,True,False
900145,0.0921,dist_to_nearest_powerplant_km,True,False
900146,0.1639,dist_to_nearest_powerplant_km,True,False
900147,0.1525,dist_to_nearest_powerplant_km,True,False
900148,0.1869,cropland_pct,True,False
900149,0.1098,dist_to_nearest_powerplant_km,True,False
900150,0.1088,dist_to_nearest_powerplant_km,True,False
900151,0.1214,dist_to_nearest_powerplant_km,True,False
900152,0.1474,dist_to_nearest_powerplant_km,True,False
900153,0.1857,dist_to_nearest_powerplant_km,True,False
900154,0.2341,dist_to_nearest_powerplant_km,True,False
900155,0.2894,dist_to_nearest_powerplant_km,True,True
900156,0.3539,dist_to_nearest_powerplant_km,True,True
900157,0.4263,dist_to_nearest_powerplant_km,True,True
900158,0.5055,dist_to_nearest_powerplant_km,True,True
900159,0.5905,dist_to_nearest_powerplant_km,True,True
900160,0.6038,dist_to_nearest_powerplant_km,True,True
900161,0.529,dist_to_nearest_powerplant_km,True,True
900162,0.4609,dist_to_nearest_powerplant_km,True,True
900163,0.4005,dist_to_nearest_powerplant_km,True,True
900164,0.3488,dist_to_nearest_powerplant_km,True,True
900165,0.3068,dist_to_nearest_powerplant_km,True,True
900166,0.1877,dist_to_nearest_powerplant_km,True,False
900167,0.0671,dist_to_nearest_powerplant_km,True,False
900168,0.0,,False,False
900169,0.0,,False,False
900170,0.0,,False,False
900171,0.0393,shrubland_pct,True,False
900172,1.086,shrubland_pct,True,True
900173,0.1646,shrubland_pct,True,False
900174,0.0,,False,False
900175,0.0,,False,False
900176,0.0,,False,False
900177,0.0,,False,False
900178,0.0,,False,False
900179,0.0,,False,False
900180,0.0559,elevation_m,True,False
900181,0.653,shrubland_pct,True,True
900182,1.7498,shrubland_pct,True,True
900183,2.0274,shrubland_pct,True,True
900184,1.8385,shrubland_pct,True,True
900185,1.2977,shrubland_pct,True,True
900186,1.4693,shrubland_pct,True,True
900187,0.8203,shrubland_pct,True,True
900188,0.0,,False,False
900189,0.0,,False,False
900190,0.0,,False,False
900191,0.0,,False,False
900192,0.0,,False,False
900193,0.0677,dist_to_nearest_powerplant_km,True,False
900194,0.3094,dist_to_nearest_powerplant_km,True,True
900195,0.2729,dist_to_nearest_powerplant_km,True,True
900196,0.2476,dist_to_nearest_powerplant_km,True,False
900197,0.758,wetland_herbaceous_pct,True,True
900198,0.2334,dist_to_nearest_powerplant_km,True,False
900199,0.2448,dist_to_nearest_powerplant_km,True,False
900200,0.2682,dist_to_nearest_powerplant_km,True,True
900201,0.3031,dist_to_nearest_powerplant_km,True,True
900202,0.3485,dist_to_nearest_powerplant_km,True,True
900203,0.4,dist_to_nearest_powerplant_km,True,True
900204,0.4597,dist_to_nearest_powerplant_km,True,True
900205,0.5272,dist_to_nearest_powerplant_km,True,True
900206,0.6014,dist_to_nearest_powerplant_km,True,True
900207,0.5938,dist_to_nearest_powerplant_km,True,True
900208,0.5084,dist_to_nearest_powerplant_km,True,True
900209,0.4286,dist_to_nearest_powerplant_km,True,True
900210,0.3556,dist_to_nearest_powerplant_km,True,True
900211,0.2903,dist_to_nearest_powerplant_km,True,True
900212,0.2341,dist_to_nearest_powerplant_km,True,False
900213,0.1882,dist_to_nearest_powerplant_km,True,False
900214,0.1537,dist_to_nearest_powerplant_km,True,False
900215,0.2445,slope_deg,True,False
900216,0.0941,slope_deg,True,False
900217,0.0,,False,False
900218,0.0,,False,False
900219,0.1279,shrubland_pct,True,False
900220,1.3554,shrubland_pct,True,True
900221,0.6081,shrubland_pct,True,True
900222,0.0,,False,False
900223,0.0,,False,False
900224,0.0,,False,False
900225,0.0,,False,False
900226,0.0,,False,False
900227,0.0,,False,False
900228,0.0063,elevation_m,True,False
900229,1.1818,shrubland_pct,True,True
900230,1.6844,shrubland_pct,True,True
900231,1.8576,shrubland_pct,True,True
900232,2.0984,shrubland_pct,True,True
900233,1.5465,shrubland_pct,True,True
900234,0.7375,shrubland_pct,True,True
900235,0.2621,shrubland_pct,True,True
900236,0.0,,False,False
900237,0.0,,False,False
900238,0.0,,False,False
900239,0.0,,False,False
900240,0.0,,False,False
900241,0.0838,road_density_km_per_km2,True,False
900242,0.5228,dist_to_nearest_powerplant_km,True,True
900243,0.4707,dist_to_nearest_powerplant_km,True,True
900244,0.4275,dist_to_nearest_powerplant_km,True,True
900245,0.394,dist_to_nearest_powerplant_km,True,True
900246,0.371,dist_to_nearest_powerplant_km,True,True
900247,0.7622,wetland_herbaceous_pct,True,True
900248,0.358,dist_to_nearest_powerplant_km,True,True
900249,0.3684,dist_to_nearest_powerplant_km,True,True
900250,0.3898,dist_to_nearest_powerplant_km,True,True
900251,0.4217,dist_to_nearest_powerplant_km,True,True
900252,0.4635,dist_to_nearest_powerplant_km,True,True
900253,0.5128,dist_to_nearest_powerplant_km,True,True
900254,0.5682,dist_to_nearest_powerplant_km,True,True
900255,0.6312,dist_to_nearest_powerplant_km,True,True
900256,1.4049,wetland_herbaceous_pct,True,True
900257,0.5497,wetland_herbaceous_pct,True,True
900258,0.4174,dist_to_nearest_powerplant_km,True,True
900259,0.3323,dist_to_nearest_powerplant_km,True,True
900260,0.2537,dist_to_nearest_powerplant_km,True,True
900261,0.183,dist_to_nearest_powerplant_km,True,False
900262,0.1215,dist_to_nearest_powerplant_km,True,False
900263,0.0709,dist_to_nearest_powerplant_km,True,False
900264,0.0724,slope_deg,True,False
900265,0.3759,slope_deg,True,True
900266,0.278,slope_deg,True,True
900267,0.2043,slope_deg,True,False
900268,0.0,,False,False
900269,0.2526,shrubland_pct,True,True
900270,0.7179,shrubland_pct,True,True
900271,0.0,,False,False
900272,0.0,,False,False
900273,0.0,,False,False
900274,0.0,,False,False
900275,0.0,,False,False
900276,0.0,,False,False
900277,0.0,,False,False
900278,0.0207,elevation_m,True,False
900279,0.9483,shrubland_pct,True,True
900280,1.8363,shrubland_pct,True,True
900281,1.9602,shrubland_pct,True,True
900282,1.9795,shrubland_pct,True,True
900283,0.8662,shrubland_pct,True,True
900284,0.0,,False,False
900285,0.0,,False,False
900286,0.0,,False,False
900287,0.0,,False,False
900288,0.0,,False,False
900289,0.0,,False,False
900290,0.0,,False,False
900291,0.0105,elevation_m,True,False
900292,0.6351,dist_to_nearest_powerplant_km,True,True
900293,0.5866,dist_to_nearest_powerplant_km,True,True
900294,0.5466,dist_to_nearest_powerplant_km,True,True
900295,0.5158,dist_to_nearest_powerplant_km,True,True
900296,0.4946,dist_to_nearest_powerplant_km,True,True
900297,0.4835,dist_to_nearest_powerplant_km,True,True
900298,0.4827,dist_to_nearest_powerplant_km,True,True
900299,0.4922,dist_to_nearest_powerplant_km,True,True
900300,0.5119,dist_to_nearest_powerplant_km,True,True
900301,0.5413,dist_to_nearest_powerplant_km,True,True
900302,0.5799,dist_to_nearest_powerplant_km,True,True
900303,0.6271,dist_to_nearest_powerplant_km,True,True
900304,0.6789,dist_to_nearest_powerplant_km,True,True
900305,0.6311,dist_to_nearest_powerplant_km,True,True
900306,1.4047,wetland_herbaceous_pct,True,True
900307,0.4277,dist_to_nearest_powerplant_km,True,True
900308,0.3318,dist_to_nearest_powerplant_km,True,True
900309,0.241,dist_to_nearest_powerplant_km,True,False
900310,0.1564,dist_to_nearest_powerplant_km,True,False
900311,0.0794,dist_to_nearest_powerplant_km,True,False
900312,0.0117,dist_to_nearest_powerplant_km,True,False
900313,0.0,,False,False
900314,0.0,,False,False
900315,0.013,slope_deg,True,False
900316,0.0,,False,False
900317,0.0,,False,False
900318,0.0,,False,False
900319,0.0355,elevation_m,True,False
900320,0.0915,elevation_m,True,False
900321,0.0,,False,False
900322,0.0,,False,False
900323,0.0,,False,False
900324,0.0,,False,False
900325,0.0,,False,False
900326,0.0,,False,False
900327,0.0,,False,False
900328,0.0386,elevation_m,True,False
900329,0.6888,shrubland_pct,True,True
900330,1.8426,shrubland_pct,True,True
900331,2.0324,shrubland_pct,True,True
900332,1.5962,shrubland_pct,True,True
900333,0.7242,shrubland_pct,True,True
900334,0.3139,shrubland_pct,True,True
900335,0.0482,shrubland_pct,True,False
900336,0.0,,False,False
900337,0.0,,False,False
900338,0.0,,False,False
900339,0.0,,False,False
900340,0.0068,elevation_m,True,False
900341,0.013,elevation_m,True,False
900342,0.749,dist_to_nearest_powerplant_km,True,True
900343,0.7038,dist_to_nearest_powerplant_km,True,True
900344,0.6666,dist_to_nearest_powerplant_km,True,True
900345,0.6379,dist_to_nearest_powerplant_km,True,True
900346,0.6183,dist_to_nearest_powerplant_km,True,True
900347,0.6081,dist_to_nearest_powerplant_km,True,True
900348,0.6073,dist_to_nearest_powerplant_km,True,True
900349,0.6161,dist_to_nearest_powerplant_km,True,True
900350,0.6343,dist_to_nearest_powerplant_km,True,True
900351,0.613,dist_to_nearest_powerplant_km,True,True
900352,0.591,dist_to_nearest_powerplant_km,True,True
900353,0.5785,dist_to_nearest_powerplant_km,True,True
900354,0.5756,dist_to_nearest_powerplant_km,True,True
900355,0.567,dist_to_nearest_powerplant_km,True,True
900356,0.4591,dist_to_nearest_powerplant_km,True,True
900357,0.3542,dist_to_nearest_powerplant_km,True,True
900358,0.2528,dist_to_nearest_powerplant_km,True,True
900359,0.1558,dist_to_nearest_powerplant_km,True,False
900360,0.0646,dist_to_nearest_powerplant_km,True,False
900361,0.0,,False,False
900362,0.1863,shrubland_pct,True,False
900363,0.0,,False,False
900364,0.0,,False,False
900365,0.0,,False,False
900366,0.0,,False,False
900367,0.0,,False,False
900368,0.0,,False,False
900369,0.327,shrubland_pct,True,True
900370,0.0843,elevation_m,True,False
900371,0.0261,elevation_m,True,False
900372,0.0,,False,False
900373,0.0,,False,False
900374,0.0,,False,False
900375,0.0,,False,False
900376,0.0,,False,False
900377,0.0,,False,False
900378,0.0547,shrubland_pct,True,False
900379,0.7658,shrubland_pct,True,True
900380,0.645,shrubland_pct,True,True
900381,1.0224,shrubland_pct,True,True
900382,0.6428,shrubland_pct,True,True
900383,0.8569,shrubland_pct,True,True
900384,0.8225,shrubland_pct,True,True
900385,0.0,,False,False
900386,0.069,slope_deg,True,False
900387,0.0,,False,False
900388,0.0,,False,False
900389,0.0,,False,False
900390,0.0097,elevation_m,True,False
900391,0.0088,elevation_m,True,False
900392,0.8643,dist_to_nearest_powerplant_km,True,True
900393,0.8219,dist_to_nearest_powerplant_km,True,True
900394,0.7872,dist_to_nearest_powerplant_km,True,True
900395,0.7605,dist_to_nearest_powerplant_km,True,True
900396,0.7422,dist_to_nearest_powerplant_km,True,True
900397,0.6771,dist_to_nearest_powerplant_km,True,True
900398,0.6185,dist_to_nearest_powerplant_km,True,True
900399,0.5675,dist_to_nearest_powerplant_km,True,True
900400,0.5249,dist_to_nearest_powerplant_km,True,True
900401,2.6184,wetland_herbaceous_pct,True,True
900402,12.484,wetland_herbaceous_pct,True,True
900403,8.36,wetland_herbaceous_pct,True,True
900404,3.768,wetland_herbaceous_pct,True,True
900405,0.4583,dist_to_nearest_powerplant_km,True,True
900406,0.3982,dist_to_nearest_powerplant_km,True,True
900407,0.2884,dist_to_nearest_powerplant_km,True,True
900408,0.1814,dist_to_nearest_powerplant_km,True,False
900409,0.0782,dist_to_nearest_powerplant_km,True,False
900410,0.0,,False,False
900411,0.0,,False,False
900412,0.0,,False,False
900413,0.0,,False,False
900414,0.0,,False,False
900415,0.0,,False,False
900416,0.0,,False,False
900417,0.0,,False,False
900418,0.0,,False,False
900419,0.7142,shrubland_pct,True,True
900420,0.2933,shrubland_pct,True,True
900421,0.0035,elevation_m,True,False
900422,0.0,,False,False
900423,0.0,,False,False
900424,0.0,,False,False
900425,0.0,,False,False
900426,0.0,,False,False
900427,0.0,,False,False
900428,0.0,,False,False
900429,0.0,,False,False
900430,0.0,,False,False
900431,0.0,,False,False
900432,0.0,,False,False
900433,0.3597,shrubland_pct,True,True
900434,0.2324,shrubland_pct,True,False
900435,0.0,,False,False
900436,0.0,,False,False
900437,0.0,,False,False
900438,0.0,,False,False
900439,0.0,,False,False
900440,0.0,,False,False
900441,0.0045,elevation_m,True,False
900442,0.9731,dist_to_nearest_powerplant_km,True,True
900443,0.8831,dist_to_nearest_powerplant_km,True,True
900444,0.7971,dist_to_nearest_powerplant_km,True,True
900445,0.7158,dist_to_nearest_powerplant_km,True,True
900446,0.64,dist_to_nearest_powerplant_km,True,True
900447,0.5702,dist_to_nearest_powerplant_km,True,True
900448,0.5075,dist_to_nearest_powerplant_km,True,True
900449,0.4527,dist_to_nearest_powerplant_km,True,True
900450,2.9907,wetland_herbaceous_pct,True,True
900451,6.2227,wetland_herbaceous_pct,True,True
900452,17.7285,wetland_herbaceous_pct,True,True
900453,13.8412,wetland_herbaceous_pct,True,True
900454,18.0939,wetland_herbaceous_pct,True,True
900455,10.354,wetland_herbaceous_pct,True,True
900456,0.346,dist_to_nearest_powerplant_km,True,True
900457,0.2316,dist_to_nearest_powerplant_km,True,False
900458,0.1193,dist_to_nearest_powerplant_km,True,False
900459,0.01,dist_to_nearest_powerplant_km,True,False
900460,0.0,,False,False
900461,0.0,,False,False
900462,0.0,,False,False
900463,0.0,,False,False
900464,0.0,,False,False
900465,0.0,,False,False
900466,0.0,,False,False
900467,0.0,,False,False
900468,0.0,,False,False
900469,0.0442,grassland_pct,True,False
900470,0.0,,False,False
900471,0.0,,False,False
900472,0.0,,False,False
900473,0.0,,False,False
900474,0.0,,False,False
900475,0.0,,False,False
900476,0.0,,False,False
900477,0.0,,False,False
900478,0.0,,False,False
900479,0.0,,False,False
900480,0.0,,False,False
900481,0.0138,tree_cover_pct,True,False
900482,0.0,,False,False
900483,0.0,,False,False
900484,0.187,slope_deg,True,False
900485,0.0,,False,False
900486,0.0,,False,False
900487,0.0,,False,False
900488,0.0,,False,False
900489,0.0,,False,False
900490,0.0,,False,False
900491,0.0012,elevation_m,True,False
900492,0.891,dist_to_nearest_powerplant_km,True,True
900493,0.7969,dist_to_nearest_powerplant_km,True,True
900494,0.7067,dist_to_nearest_powerplant_km,True,True
900495,0.621,dist_to_nearest_powerplant_km,True,True
900496,0.5405,dist_to_nearest_powerplant_km,True,True
900497,0.4661,dist_to_nearest_powerplant_km,True,True
900498,0.3988,dist_to_nearest_powerplant_km,True,True
900499,0.3396,dist_to_nearest_powerplant_km,True,True
900500,8.6308,wetland_herbaceous_pct,True,True
900501,7.1224,wetland_herbaceous_pct,True,True
900502,0.9375,wetland_herbaceous_pct,True,True
900503,0.2052,dist_to_nearest_powerplant_km,True,False
900504,11.4993,wetland_herbaceous_pct,True,True
900505,9.3818,wetland_herbaceous_pct,True,True
900506,0.2316,dist_to_nearest_powerplant_km,True,False
900507,0.1851,dist_to_nearest_powerplant_km,True,False
900508,0.068,dist_to_nearest_powerplant_km,True,False
900509,0.0,,False,False
900510,0.0,,False,False
900511,0.0,,False,False
900512,0.0,,False,False
900513,0.0,,False,False
900514,0.0,,False,False
900515,0.0,,False,False
900516,0.0,,False,False
900517,0.0,,False,False
900518,0.0,,False,False
900519,0.0,,False,False
900520,0.0,,False,False
900521,0.0152,elevation_m,True,False
900522,0.0,,False,False
900523,0.0,,False,False
900524,0.0,,False,False
900525,0.0,,False,False
900526,0.0,,False,False
900527,0.0,,False,False
900528,0.0,,False,False
900529,0.0,,False,False
900530,0.0,,False,False
900531,0.0,,False,False
900532,0.0,,False,False
900533,0.0,,False,False
900534,0.1532,slope_deg,True,False
900535,0.0,,False,False
900536,0.0,,False,False
900537,0.0,,False,False
900538,0.0,,False,False
900539,0.3809,grassland_pct,True,True
900540,0.3564,grassland_pct,True,True
900541,0.0049,elevation_m,True,False
900542,0.8137,dist_to_nearest_powerplant_km,True,True
900543,0.7155,dist_to_nearest_powerplant_km,True,True
900544,0.6208,dist_to_nearest_powerplant_km,True,True
900545,0.5303,dist_to_nearest_powerplant_km,True,True
900546,0.4449,dist_to_nearest_powerplant_km,True,True
900547,0.3654,dist_to_nearest_powerplant_km,True,True
900548,0.2929,dist_to_nearest_powerplant_km,True,True
900549,0.2287,dist_to_nearest_powerplant_km,True,False
900550,2.8777,wetland_herbaceous_pct,True,True
900551,0.1305,dist_to_nearest_powerplant_km,True,False
900552,0.099,dist_to_nearest_powerplant_km,True,False
900553,0.1097,cropland_pct,True,False
900554,0.0767,dist_to_nearest_powerplant_km,True,False
900555,0.0866,dist_to_nearest_powerplant_km,True,False
900556,0.1102,dist_to_nearest_powerplant_km,True,False
900557,0.1468,dist_to_nearest_powerplant_km,True,False
900558,0.0481,slope_deg,True,False
900559,0.0,,False,False
900560,0.0,,False,False
900561,0.0,,False,False
900562,0.0,,False,False
900563,0.0,,False,False
900564,0.0006,confidence_rmse,True,False
900565,0.0,,False,False
900566,0.0,,False,False
900567,0.0,,False,False
900568,0.0,,False,False
900569,0.0,,False,False
900570,0.095,shrubland_pct,True,False
900571,0.0,,False,False
900572,0.0,,False,False
900573,0.0,,False,False
900574,0.0,,False,False
900575,0.0,,False,False
900576,0.0,,False,False
900577,0.0,,False,False
900578,0.0,,False,False
900579,0.0,,False,False
900580,0.0,,False,False
900581,0.0,,False,False
900582,0.0,,False,False
900583,0.0,,False,False
900584,0.0,,False,False
900585,0.0,,False,False
900586,0.0,,False,False
900587,0.0,,False,False
900588,0.0,,False,False
900589,0.4193,grassland_pct,True,True
900590,0.1229,grassland_pct,True,False
900591,0.0144,elevation_m,True,False
900592,0.7419,dist_to_nearest_powerplant_km,True,True
900593,0.6394,dist_to_nearest_powerplant_km,True,True
900594,0.5401,dist_to_nearest_powerplant_km,True,True
900595,0.4447,dist_to_nearest_powerplant_km,True,True
900596,0.3539,dist_to_nearest_powerplant_km,True,True
900597,0.2689,dist_to_nearest_powerplant_km,True,True
900598,0.1907,dist_to_nearest_powerplant_km,True,False
900599,0.1207,dist_to_nearest_powerplant_km,True,False
900600,0.0607,dist_to_nearest_powerplant_km,True,False
900601,0.0123,dist_to_nearest_powerplant_km,True,False
900602,0.0437,road_density_km_per_km2,True,False
900603,0.0,,False,False
900604,0.0248,cropland_pct,True,False
900605,0.0695,road_density_km_per_km2,True,False
900606,0.0,,False,False
900607,0.0304,dist_to_nearest_powerplant_km,True,False
900608,0.0059,built_up_pct,True,False
900609,0.004,slope_deg,True,False
900610,0.0914,bare_sparse_veg_pct,True,False
900611,0.2127,bare_sparse_veg_pct,True,False
900612,0.0,,False,False
900613,0.0,,False,False
900614,0.0,,False,False
900615,0.0003,confidence_rmse,True,False
900616,0.0,,False,False
900617,0.0,,False,False
900618,0.0,,False,False
900619,0.0,,False,False
900620,0.0,,False,False
900621,0.0,,False,False
900622,0.0,,False,False
900623,0.0,,False,False
900624,0.0,,False,False
900625,0.1529,tree_cover_pct,True,False
900626,0.1051,tree_cover_pct,True,False
900627,0.0,,False,False
900628,0.0,,False,False
900629,0.0,,False,False
900630,0.0,,False,False
900631,0.0,,False,False
900632,0.0,,False,False
900633,0.0,,False,False
900634,0.0,,False,False
900635,0.0,,False,False
900636,0.0,,False,False
900637,0.0,,False,False
900638,0.0,,False,False
900639,0.0005,elevation_m,True,False
900640,0.0142,elevation_m,True,False
900641,0.0098,elevation_m,True,False
900642,0.6762,dist_to_nearest_powerplant_km,True,True
900643,0.5695,dist_to_nearest_powerplant_km,True,True
900644,0.4655,dist_to_nearest_powerplant_km,True,True
900645,0.365,dist_to_nearest_powerplant_km,True,True
900646,0.2687,dist_to_nearest_powerplant_km,True,True
900647,0.1776,dist_to_nearest_powerplant_km,True,False
900648,0.093,dist_to_nearest_powerplant_km,True,False
900649,0.0662,cropland_pct,True,False
900650,0.0,,False,False
900651,0.0,,False,False
900652,0.0552,road_density_km_per_km2,True,False
900653,0.1587,cropland_pct,True,False
900654,0.1168,cropland_pct,True,False
900655,0.1364,cropland_pct,True,False
900656,0.1263,slope_deg,True,False
900657,0.1278,slope_deg,True,False
900658,0.0021,road_density_km_per_km2,True,False
900659,0.0007,confidence_rmse,True,False
900660,0.0,,False,False
900661,0.0,,False,False
900662,0.0,,False,False
900663,0.0,,False,False
900664,0.0,,False,False
900665,0.0,,False,False
900666,0.0,,False,False
900667,0.0,,False,False
900668,0.0,,False,False
900669,0.0,,False,False
900670,0.0,,False,False
900671,0.0,,False,False
900672,0.0,,False,False
900673,0.0,,False,False
900674,0.1034,tree_cover_pct,True,False
900675,0.1632,tree_cover_pct,True,False
900676,0.0,,False,False
900677,0.0,,False,False
900678,0.0015,bare_sparse_veg_pct,True,False
900679,0.0,,False,False
900680,0.0,,False,False
900681,0.0,,False,False
900682,0.0,,False,False
900683,0.0,,False,False
900684,0.0,,False,False
900685,0.0,,False,False
900686,0.0049,confidence_rmse,True,False
900687,0.0325,confidence_rmse,True,False
900688,0.0276,confidence_rmse,True,False
900689,0.0736,water_pct,True,False
900690,0.0051,elevation_m,True,False
900691,0.0021,elevation_m,True,False
900692,0.6174,dist_to_nearest_powerplant_km,True,True
900693,0.5066,dist_to_nearest_powerplant_km,True,True
900694,0.398,dist_to_nearest_powerplant_km,True,True
900695,0.2924,dist_to_nearest_powerplant_km,True,True
900696,0.2308,cropland_pct,True,False
900697,0.1776,cropland_pct,True,False
900698,0.1374,cropland_pct,True,False
900699,0.0837,cropland_pct,True,False
900700,0.1854,cropland_pct,True,False
900701,0.2048,cropland_pct,True,False
900702,0.1497,cropland_pct,True,False
900703,0.1006,cropland_pct,True,False
900704,0.081,cropland_pct,True,False
900705,0.1022,cropland_pct,True,False
900706,0.0871,slope_deg,True,False
900707,0.0158,confidence_rmse,True,False
900708,0.0,,False,False
900709,0.0,,False,False
900710,0.0,,False,False
900711,0.0,,False,False
900712,1.2621,bare_sparse_veg_pct,True,True
900713,0.8191,bare_sparse_veg_pct,True,True
900714,0.0395,slope_deg,True,False
900715,0.1706,slope_deg,True,False
900716,0.1662,slope_deg,True,False
900717,0.0582,slope_deg,True,False
900718,0.0603,bare_sparse_veg_pct,True,False
900719,0.6368,bare_sparse_veg_pct,True,True
900720,0.0,,False,False
900721,0.0,,False,False
900722,0.0,,False,False
900723,0.0,,False,False
900724,0.0,,False,False
900725,0.0,,False,False
900726,0.0,,False,False
900727,0.0015,bare_sparse_veg_pct,True,False
900728,0.0015,bare_sparse_veg_pct,True,False
900729,0.0,,False,False
900730,0.0,,False,False
900731,0.0,,False,False
900732,0.0,,False,False
900733,0.0,,False,False
900734,0.0,,False,False
900735,0.0,,False,False
900736,0.0061,confidence_rmse,True,False
900737,0.1174,water_pct,True,False
900738,5.0338,wetland_herbaceous_pct,True,True
900739,7.0352,wetland_herbaceous_pct,True,True
900740,0.0,,False,False
900741,0.0068,elevation_m,True,False
900742,0.5663,dist_to_nearest_powerplant_km,True,True
900743,0.4516,dist_to_nearest_powerplant_km,True,True
900744,0.3387,dist_to_nearest_powerplant_km,True,True
900745,0.228,dist_to_nearest_powerplant_km,True,False
900746,0.1992,cropland_pct,True,False
900747,0.2398,cropland_pct,True,False
900748,0.1305,cropland_pct,True,False
900749,0.1477,cropland_pct,True,False
900750,0.2139,cropland_pct,True,False
900751,0.126,cropland_pct,True,False
900752,0.0864,cropland_pct,True,False
900753,0.1538,cropland_pct,True,False
900754,0.0559,cropland_pct,True,False
900755,0.0018,bare_sparse_veg_pct,True,False
900756,0.0068,road_density_km_per_km2,True,False
900757,0.0038,road_density_km_per_km2,True,False
900758,0.0,,False,False
900759,0.0,,False,False
900760,0.0,,False,False
900761,0.0,,False,False
900762,1.1968,bare_sparse_veg_pct,True,True
900763,0.6584,bare_sparse_veg_pct,True,True
900764,0.3216,slope_deg,True,True
900765,0.0179,slope_deg,True,False
900766,0.0151,tree_cover_pct,True,False
900767,0.0,,False,False
900768,0.0973,bare_sparse_veg_pct,True,False
900769,0.3188,bare_sparse_veg_pct,True,True
900770,0.0,,False,False
900771,0.0,,False,False
900772,0.0,,False,False
900773,0.0,,False,False
900774,0.0,,False,False
900775,0.0,,False,False
900776,0.0003,bare_sparse_veg_pct,True,False
900777,0.0,,False,False
900778,0.0,,False,False
900779,0.0,,False,False
900780,0.0,,False,False
900781,0.0,,False,False
900782,0.0,,False,False
900783,0.0,,False,False
900784,0.0,,False,False
900785,0.0,,False,False
900786,0.0,,False,False
900787,1.3829,water_pct,True,True
900788,4.7777,wetland_herbaceous_pct,True,True
900789,5.2343,wetland_herbaceous_pct,True,True
900790,0.0008,elevation_m,True,False
900791,0.0,,False,False
900792,0.5235,dist_to_nearest_powerplant_km,True,True
900793,0.4054,dist_to_nearest_powerplant_km,True,True
900794,0.2885,dist_to_nearest_powerplant_km,True,True
900795,0.1732,dist_to_nearest_powerplant_km,True,False
900796,0.1431,cropland_pct,True,False
900797,0.2253,cropland_pct,True,False
900798,0.1188,cropland_pct,True,False
900799,0.0101,cropland_pct,True,False
900800,0.0422,cropland_pct,True,False
900801,0.0,,False,False
900802,0.0218,cropland_pct,True,False
900803,0.008,cropland_pct,True,False
900804,0.0018,bare_sparse_veg_pct,True,False
900805,0.0,,False,False
900806,0.0,,False,False
900807,0.0,,False,False
900808,0.0,,False,False
900809,0.0,,False,False
900810,0.0,,False,False
900811,0.0,,False,False
900812,0.0,,False,False
900813,0.0,,False,False
900814,0.088,slope_deg,True,False
900815,0.0,,False,False
900816,0.1253,bare_sparse_veg_pct,True,False
900817,0.2978,bare_sparse_veg_pct,True,True
900818,0.3394,bare_sparse_veg_pct,True,True
900819,0.111,bare_sparse_veg_pct,True,False
900820,0.0,,False,False
900821,0.0,,False,False
900822,0.0,,False,False
900823,0.0,,False,False
900824,0.0,,False,False
900825,0.0003,bare_sparse_veg_pct,True,False
900826,0.0,,False,False
900827,0.0,,False,False
900828,0.0,,False,False
900829,0.0,,False,False
900830,0.0,,False,False
900831,0.0,,False,False
900832,0.0,,False,False
900833,0.0,,False,False
900834,0.0,,False,False
900835,0.0,,False,False
900836,0.0,,False,False
900837,1.3146,water_pct,True,True
900838,0.8345,water_pct,True,True
900839,0.0,,False,False
900840,0.0,,False,False
900841,0.0,,False,False
900842,0.4898,dist_to_nearest_powerplant_km,True,True
900843,0.3689,dist_to_nearest_powerplant_km,True,True
900844,0.2487,dist_to_nearest_powerplant_km,True,False
900845,0.1294,dist_to_nearest_powerplant_km,True,False
900846,0.1364,cropland_pct,True,False
900847,0.1763,cropland_pct,True,False
900848,0.0975,cropland_pct,True,False
900849,0.0,bare_sparse_veg_pct,False,False
900850,0.1706,cropland_pct,True,False
900851,0.0272,cropland_pct,True,False
900852,0.0,,False,False
900853,0.0,,False,False
900854,0.0,,False,False
900855,0.1061,cropland_pct,True,False
900856,0.0136,road_density_km_per_km2,True,False
900857,0.0085,road_density_km_per_km2,True,False
900858,0.0,,False,False
900859,0.0,,False,False
900860,0.0,,False,False
900861,0.0,,False,False
900862,0.0,,False,False
900863,0.061,slope_deg,True,False
900864,0.1008,slope_deg,True,False
900865,0.0,,False,False
900866,0.0,,False,False
900867,0.0,,False,False
900868,0.0,,False,False
900869,0.0,,False,False
900870,0.0,,False,False
900871,0.0,,False,False
900872,0.0,,False,False
900873,0.0,,False,False
900874,0.0018,bare_sparse_veg_pct,True,False
900875,0.0003,bare_sparse_veg_pct,True,False
900876,0.0,,False,False
900877,0.0,,False,False
900878,0.0,,False,False
900879,0.0,,False,False
900880,0.0,,False,False
900881,0.0,,False,False
900882,0.0,,False,False
900883,0.0,,False,False
900884,0.0,,False,False
900885,0.0,,False,False
900886,0.2483,water_pct,True,False
900887,0.3243,water_pct,True,True
900888,0.0,,False,False
900889,0.0,,False,False
900890,0.0,,False,False
900891,0.0,,False,False
900892,0.4659,dist_to_nearest_powerplant_km,True,True
900893,0.3429,dist_to_nearest_powerplant_km,True,True
900894,0.2201,dist_to_nearest_powerplant_km,True,False
900895,0.1405,cropland_pct,True,False
900896,0.1538,cropland_pct,True,False
900897,0.1898,cropland_pct,True,False
900898,0.0975,cropland_pct,True,False
900899,0.0,,False,False
900900,0.0779,cropland_pct,True,False
900901,0.0756,cropland_pct,True,False
900902,0.0018,bare_sparse_veg_pct,True,False
900903,0.0,,False,False
900904,0.0937,cropland_pct,True,False
900905,0.0635,cropland_pct,True,False
900906,0.0,,False,False
900907,0.0,,False,False
900908,0.0,,False,False
900909,0.0,,False,False
900910,0.0,,False,False
900911,0.0,,False,False
900912,0.0,,False,False
900913,0.1259,slope_deg,True,False
900914,0.3388,slope_deg,True,True
900915,0.0,,False,False
900916,0.0,,False,False
900917,0.0,,False,False
900918,0.0,,False,False
900919,0.0,,False,False
900920,0.0,,False,False
900921,0.0,,False,False
900922,0.0,,False,False
900923,0.0,,False,False
900924,0.0,,False,False
900925,0.0,,False,False
900926,0.0,,False,False
900927,0.0,,False,False
900928,0.0,,False,False
900929,0.0,,False,False
900930,0.0,,False,False
900931,0.0,,False,False
900932,0.0,,False,False
900933,0.0,,False,False
900934,0.0,,False,False
900935,0.4809,water_pct,True,True
900936,0.4277,water_pct,True,True
900937,0.0,,False,False
900938,0.0,,False,False
900939,0.0003,cropland_pct,True,False
900940,0.0006,cropland_pct,True,False
900941,0.0,,False,False
900942,0.4522,dist_to_nearest_powerplant_km,True,True
900943,0.3279,dist_to_nearest_powerplant_km,True,True
900944,0.2037,dist_to_nearest_powerplant_km,True,False
900945,0.0795,dist_to_nearest_powerplant_km,True,False
900946,0.1832,cropland_pct,True,False
900947,0.1936,cropland_pct,True,False
900948,0.1032,cropland_pct,True,False
900949,0.0,,False,False
900950,0.0,,False,False
900951,0.0591,cropland_pct,True,False
900952,0.124,cropland_pct,True,False
900953,0.2617,cropland_pct,True,True
900954,0.0307,cropland_pct,True,False
900955,0.0068,tree_cover_pct,True,False
900956,0.0,,False,False
900957,0.0,,False,False
900958,0.0,,False,False
900959,0.0,,False,False
900960,0.0,,False,False
900961,0.1985,slope_deg,True,False
900962,0.3424,slope_deg,True,True
900963,0.2192,slope_deg,True,False
900964,0.2913,slope_deg,True,True
900965,0.0,,False,False
900966,0.0,,False,False
900967,0.0,,False,False
900968,0.0,,False,False
900969,0.0,,False,False
900970,0.0,,False,False
900971,0.0,,False,False
900972,0.0,,False,False
900973,0.0,,False,False
900974,0.0184,dist_to_nearest_powerplant_km,True,False
900975,0.0,,False,False
900976,0.0,,False,False
900977,0.0,,False,False
900978,0.0,,False,False
900979,0.0,,False,False
900980,0.0,,False,False
900981,0.0,,False,False
900982,0.0,,False,False
900983,0.0,,False,False
900984,0.1099,slope_deg,True,False
900985,0.2874,slope_deg,True,True
900986,0.0,,False,False
900987,0.0,,False,False
900988,0.0,,False,False
900989,0.0,,False,False
900990,0.0,,False,False
900991,0.0,,False,False
900992,0.449,dist_to_nearest_powerplant_km,True,True
900993,0.3244,dist_to_nearest_powerplant_km,True,True
900994,0.1998,dist_to_nearest_powerplant_km,True,False
900995,0.1097,cropland_pct,True,False
900996,0.2204,cropland_pct,True,False
900997,0.1743,cropland_pct,True,False
900998,0.1705,cropland_pct,True,False
900999,0.0279,cropland_pct,True,False
901000,0.011,cropland_pct,True,False
901001,0.115,cropland_pct,True,False
901002,0.0,,False,False
901003,0.0092,tree_cover_pct,True,False
901004,0.0152,tree_cover_pct,True,False
901005,0.013,tree_cover_pct,True,False
901006,0.0,,False,False
901007,0.0136,tree_cover_pct,True,False
901008,0.0,,False,False
901009,0.0,,False,False
901010,0.0,,False,False
901011,0.0615,slope_deg,True,False
901012,0.1545,slope_deg,True,False
901013,0.0,,False,False
901014,0.0,,False,False
901015,0.0,,False,False
901016,0.0,,False,False
901017,0.0,,False,False
901018,0.0,,False,False
901019,0.0,,False,False
901020,0.0,,False,False
901021,0.0,,False,False
901022,0.0,,False,False
901023,0.076,tree_cover_pct,True,False
901024,0.1388,tree_cover_pct,True,False
901025,0.0965,tree_cover_pct,True,False
901026,0.0,,False,False
901027,0.0,,False,False
901028,0.0,,False,False
901029,0.0005,bare_sparse_veg_pct,True,False
901030,0.0014,bare_sparse_veg_pct,True,False
901031,0.0001,cropland_pct,True,False
901032,0.0,,False,False
901033,0.0,,False,False
901034,0.1099,slope_deg,True,False
901035,0.0157,slope_deg,True,False
901036,0.0,,False,False
901037,0.0,,False,False
901038,0.0,,False,False
901039,0.0,,False,False
901040,0.0,,False,False
901041,0.0,,False,False
901042,0.4563,dist_to_nearest_powerplant_km,True,True
901043,0.3324,dist_to_nearest_powerplant_km,True,True
901044,0.2209,cropland_pct,True,False
901045,0.1469,cropland_pct,True,False
901046,0.1522,cropland_pct,True,False
901047,0.0066,cropland_pct,True,False
901048,0.0712,cropland_pct,True,False
901049,0.2726,cropland_pct,True,True
901050,0.2316,cropland_pct,True,False
901051,0.0499,road_density_km_per_km2,True,False
901052,0.0,,False,False
901053,0.0,,False,False
901054,0.0114,tree_cover_pct,True,False
901055,0.0082,tree_cover_pct,True,False
901056,0.0164,slope_deg,True,False
901057,0.0,,False,False
901058,0.0,,False,False
901059,0.0,,False,False
901060,0.0,,False,False
901061,0.0,,False,False
901062,0.0,,False,False
901063,0.0178,tree_cover_pct,True,False
901064,0.0326,tree_cover_pct,True,False
901065,0.0238,tree_cover_pct,True,False
901066,0.0001,cropland_pct,True,False
901067,0.0,,False,False
901068,0.0,,False,False
901069,0.0,,False,False
901070,0.0,,False,False
901071,0.0,,False,False
901072,0.0,,False,False
901073,0.0299,road_density_km_per_km2,True,False
901074,0.1892,tree_cover_pct,True,False
901075,0.3507,tree_cover_pct,True,True
901076,0.2615,tree_cover_pct,True,True
901077,0.0,,False,False
901078,0.0,,False,False
901079,0.0,,False,False
901080,0.0,,False,False
901081,0.0,,False,False
901082,0.0,,False,False
901083,0.034,road_density_km_per_km2,True,False
901084,0.0,,False,False
901085,0.0001,dist_to_nearest_powerplant_km,True,False
901086,0.0,,False,False
901087,0.0,,False,False
901088,0.0,,False,False
901089,0.0,,False,False
901090,0.0,,False,False
901091,0.0,,False,False
901092,0.4741,dist_to_nearest_powerplant_km,True,True
901093,0.3518,dist_to_nearest_powerplant_km,True,True
901094,0.23,dist_to_nearest_powerplant_km,True,False
901095,0.1088,dist_to_nearest_powerplant_km,True,False
901096,0.0999,cropland_pct,True,False
901097,0.067,cropland_pct,True,False
901098,0.0611,cropland_pct,True,False
901099,0.1376,cropland_pct,True,False
901100,0.0172,cropland_pct,True,False
901101,0.0,,False,False
901102,0.0,,False,False
901103,0.1267,cropland_pct,True,False
901104,0.016,tree_cover_pct,True,False
901105,0.0123,tree_cover_pct,True,False
901106,0.0,,False,False
901107,0.0,,False,False
901108,0.0,,False,False
901109,0.0,,False,False
901110,0.0,,False,False
901111,0.0054,road_density_km_per_km2,True,False
901112,0.0117,tree_cover_pct,True,False
901113,0.0747,road_density_km_per_km2,True,False
901114,0.0766,road_density_km_per_km2,True,False
901115,0.0,,False,False
901116,0.0,,False,False
901117,0.0,,False,False
901118,0.0,,False,False
901119,0.0,,False,False
901120,0.0,,False,False
901121,0.0,,False,False
901122,0.0,,False,False
901123,0.0,,False,False
901124,0.0,,False,False
901125,0.165,tree_cover_pct,True,False
901126,0.2681,tree_cover_pct,True,True
901127,0.0,,False,False
901128,0.0,,False,False
901129,0.4497,slope_deg,True,True
901130,0.3607,slope_deg,True,True
901131,0.0,,False,False
901132,0.0,,False,False
901133,0.1425,water_pct,True,False
901134,0.0,,False,False
901135,0.0,,False,False
901136,0.0,,False,False
901137,0.0,,False,False
901138,0.0,,False,False
901139,0.0,,False,False
901140,0.0,,False,False
901141,0.0,,False,False
901142,0.4394,dist_to_nearest_powerplant_km,True,True
901143,0.382,dist_to_nearest_powerplant_km,True,True
901144,0.2922,slope_deg,True,True
901145,0.1453,dist_to_nearest_powerplant_km,True,False
901146,0.2147,cropland_pct,True,False
901147,0.1324,cropland_pct,True,False
901148,0.1195,cropland_pct,True,False
901149,0.0083,cropland_pct,True,False
901150,0.0,,False,False
901151,0.0,,False,False
901152,0.0064,tree_cover_pct,True,False
901153,0.0,,False,False
901154,0.0,,False,False
901155,0.0224,tree_cover_pct,True,False
901156,0.0046,tree_cover_pct,True,False
901157,0.0,,False,False
901158,0.0,,False,False
901159,0.0,,False,False
901160,0.0,,False,False
901161,0.0,,False,False
901162,0.0333,tree_cover_pct,True,False
901163,0.0,,False,False
901164,0.0,,False,False
901165,0.0,,False,False
901166,0.0,,False,False
901167,0.0,,False,False
901168,0.0,,False,False
901169,0.0,,False,False
901170,0.0,,False,False
901171,0.0,,False,False
901172,0.0,,False,False
901173,0.0,,False,False
901174,0.0,,False,False
901175,0.0,,False,False
901176,0.0805,tree_cover_pct,True,False
901177,0.0,,False,False
901178,0.0,,False,False
901179,0.7396,slope_deg,True,True
901180,0.5046,slope_deg,True,True
901181,0.0,,False,False
901182,0.0,,False,False
901183,0.2882,water_pct,True,True
901184,0.0,,False,False
901185,0.0016,grassland_pct,True,False
901186,0.0017,slope_deg,True,False
901187,0.0005,cropland_pct,True,False
901188,0.0,,False,False
901189,0.0,,False,False
901190,0.067,bare_sparse_veg_pct,True,False
901191,0.0,,False,False
901192,0.3181,dist_to_nearest_powerplant_km,True,True
901193,0.2931,dist_to_nearest_powerplant_km,True,True
901194,0.2877,slope_deg,True,True
901195,0.3183,slope_deg,True,True
901196,0.0826,dist_to_nearest_powerplant_km,True,False
901197,0.0723,road_density_km_per_km2,True,False
901198,0.1036,cropland_pct,True,False
901199,0.0,,False,False
901200,0.0,,False,False
901201,0.0,,False,False
901202,0.0698,cropland_pct,True,False
901203,0.0,,False,False
901204,0.0,,False,False
901205,0.0,,False,False
901206,0.0,,False,False
901207,0.0,,False,False
901208,0.0,,False,False
901209,0.0,,False,False
901210,0.0,,False,False
901211,0.0,,False,False
901212,0.0493,road_density_km_per_km2,True,False
901213,0.0,,False,False
901214,0.0,,False,False
901215,0.0,,False,False
901216,0.106,road_density_km_per_km2,True,False
901217,0.1602,road_density_km_per_km2,True,False
901218,0.0,,False,False
901219,0.0,,False,False
901220,0.0,,False,False
901221,0.0,,False,False
901222,0.0,,False,False
901223,0.0,,False,False
901224,0.0012,bare_sparse_veg_pct,True,False
901225,0.0,,False,False
901226,0.0,bare_sparse_veg_pct,False,False
901227,0.0,,False,False
901228,0.0,,False,False
901229,0.0004,cropland_pct,True,False
901230,0.0,,False,False
901231,0.0,,False,False
901232,0.0,,False,False
901233,0.0,,False,False
901234,0.0,,False,False
901235,0.0,,False,False
901236,0.0045,grassland_pct,True,False
901237,0.0,,False,False
901238,0.0,,False,False
901239,0.0,,False,False
901240,0.0,,False,False
901241,0.0,,False,False
901242,0.1976,dist_to_nearest_powerplant_km,True,False
901243,0.17,dist_to_nearest_powerplant_km,True,False
901244,0.2448,slope_deg,True,False
901245,0.3355,slope_deg,True,True
901246,0.1469,dist_to_nearest_powerplant_km,True,False
901247,0.0456,dist_to_nearest_powerplant_km,True,False
901248,0.1386,cropland_pct,True,False
901249,0.0838,cropland_pct,True,False
901250,0.0391,road_density_km_per_km2,True,False
901251,0.133,cropland_pct,True,False
901252,0.0879,cropland_pct,True,False
901253,0.0,,False,False
901254,0.0,,False,False
901255,0.184,cropland_pct,True,False
901256,0.0362,cropland_pct,True,False
901257,0.0646,cropland_pct,True,False
901258,0.0455,cropland_pct,True,False
901259,0.0398,slope_deg,True,False
901260,0.0,,False,False
901261,0.0,,False,False
901262,0.0,,False,False
901263,0.0,,False,False
901264,0.0,,False,False
901265,0.0,,False,False
901266,0.0,,False,False
901267,0.0575,road_density_km_per_km2,True,False
901268,0.0,,False,False
901269,0.0,,False,False
901270,0.0,,False,False
901271,0.0028,grassland_pct,True,False
901272,0.0,,False,False
901273,0.0,,False,False
901274,0.0,,False,False
901275,0.0,,False,False
901276,0.0,,False,False
901277,0.0,,False,False
901278,0.0,,False,False
901279,0.0065,grassland_pct,True,False
901280,0.0,,False,False
901281,0.0,,False,False
901282,0.0,,False,False
901283,0.0,,False,False
901284,0.0,,False,False
901285,0.0,,False,False
901286,0.0018,grassland_pct,True,False
901287,0.0,,False,False
901288,0.0,,False,False
901289,0.0,,False,False
901290,0.0,,False,False
901291,0.0,,False,False
901292,0.1424,cropland_pct,True,False
901293,0.1172,road_density_km_per_km2,True,False
901294,0.321,slope_deg,True,True
901295,0.534,slope_deg,True,True
901296,0.4258,slope_deg,True,True
901297,0.0942,road_density_km_per_km2,True,False
901298,0.0553,road_density_km_per_km2,True,False
901299,0.0652,cropland_pct,True,False
901300,0.0417,cropland_pct,True,False
901301,0.14,cropland_pct,True,False
901302,0.0423,cropland_pct,True,False
901303,0.0,,False,False
901304,0.0206,cropland_pct,True,False
901305,0.1861,cropland_pct,True,False
901306,0.1307,cropland_pct,True,False
901307,0.0685,slope_deg,True,False
901308,0.1173,slope_deg,True,False
901309,0.0117,slope_deg,True,False
901310,0.0,,False,False
901311,0.0,,False,False
901312,0.0,,False,False
901313,0.0,,False,False
901314,0.0,,False,False
901315,0.0,,False,False
901316,0.0,,False,False
901317,0.0,,False,False
901318,0.0,,False,False
901319,0.0,,False,False
901320,0.0,,False,False
901321,0.0,,False,False
901322,0.0,,False,False
901323,0.0,,False,False
901324,0.0906,slope_deg,True,False
901325,0.2518,slope_deg,True,True
901326,0.0,,False,False
901327,0.0,,False,False
901328,0.0,,False,False
901329,0.0051,grassland_pct,True,False
901330,0.0034,grassland_pct,True,False
901331,0.0,,False,False
901332,0.0,,False,False
901333,0.0,,False,False
901334,0.0,,False,False
901335,0.1343,slope_deg,True,False
901336,0.0,,False,False
901337,0.0,,False,False
901338,0.0,,False,False
901339,0.0,,False,False
901340,0.0,,False,False
901341,0.0,,False,False
901342,0.0835,road_density_km_per_km2,True,False
901343,0.124,road_density_km_per_km2,True,False
901344,0.3214,slope_deg,True,True
901345,0.3869,slope_deg,True,True
901346,0.3627,slope_deg,True,True
901347,0.2051,slope_deg,True,False
901348,0.0,,False,False
901349,0.0,,False,False
901350,0.0,,False,False
901351,0.0,,False,False
901352,0.0,,False,False
901353,0.0,,False,False
901354,0.0,,False,False
901355,0.0,,False,False
901356,0.0,,False,False
901357,0.0177,slope_deg,True,False
901358,0.0202,slope_deg,True,False
901359,0.0,,False,False
901360,0.0048,slope_deg,True,False
901361,0.0,,False,False
901362,0.0,,False,False
901363,0.0,,False,False
901364,0.0,,False,False
901365,0.0,,False,False
901366,0.0,,False,False
901367,0.0,,False,False
901368,0.0,,False,False
901369,0.0,,False,False
901370,0.0,,False,False
901371,0.0,,False,False
901372,0.0,,False,False
901373,0.0,,False,False
901374,0.0,,False,False
901375,0.0,,False,False
901376,0.0,,False,False
901377,0.0,,False,False
901378,0.0,,False,False
901379,0.0,,False,False
901380,0.0,,False,False
901381,0.0,,False,False
901382,0.0,,False,False
901383,0.0,,False,False
901384,0.0467,slope_deg,True,False
901385,0.0,,False,False
901386,0.0,,False,False
901387,0.0,,False,False
901388,0.0,,False,False
901389,0.0,,False,False
901390,0.0,,False,False
901391,0.0,,False,False
901392,0.095,road_density_km_per_km2,True,False
901393,0.1061,road_density_km_per_km2,True,False
901394,0.1893,slope_deg,True,False
901395,0.2294,slope_deg,True,False
901396,0.2305,slope_deg,True,False
901397,0.3218,slope_deg,True,True
901398,0.237,slope_deg,True,False
901399,0.0,,False,False
901400,0.0,,False,False
901401,0.0,,False,False
901402,0.0,,False,False
901403,0.0067,dist_to_nearest_powerplant_km,True,False
901404,0.0022,dist_to_nearest_powerplant_km,True,False
901405,0.0,,False,False
901406,0.0,,False,False
901407,0.0,,False,False
901408,0.0,,False,False
901409,0.0114,tree_cover_pct,True,False
901410,0.0208,tree_cover_pct,True,False
901411,0.0152,tree_cover_pct,True,False
901412,0.0,,False,False
901413,0.0,,False,False
901414,0.0202,tree_cover_pct,True,False
901415,0.0,,False,False
901416,0.0,,False,False
901417,0.0,,False,False
901418,0.0,,False,False
901419,0.0,,False,False
901420,0.0,,False,False
901421,0.0,,False,False
901422,0.0,,False,False
901423,0.0,,False,False
901424,0.0,,False,False
901425,0.0,,False,False
901426,0.0,,False,False
901427,0.0,,False,False
901428,0.0,,False,False
901429,0.0,,False,False
901430,0.0,,False,False
901431,0.0,,False,False
901432,0.0,,False,False
901433,0.0,,False,False
901434,0.0,,False,False
901435,0.0,,False,False
901436,0.0,,False,False
901437,0.0,grassland_pct,False,False
901438,0.0,,False,False
901439,0.0,,False,False
901440,0.0,,False,False
901441,0.0,,False,False
901442,0.07,road_density_km_per_km2,True,False
901443,0.1975,slope_deg,True,False
901444,0.1164,slope_deg,True,False
901445,0.1912,slope_deg,True,False
901446,0.5868,slope_deg,True,True
901447,0.3493,slope_deg,True,True
901448,0.0,,False,False
901449,0.0,,False,False
901450,0.0,,False,False
901451,0.0,,False,False
901452,0.0347,dist_to_nearest_powerplant_km,True,False
901453,0.0,,False,False
901454,0.0,,False,False
901455,0.0,,False,False
901456,0.0,,False,False
901457,0.0,,False,False
901458,0.0,,False,False
901459,0.017,tree_cover_pct,True,False
901460,0.0307,tree_cover_pct,True,False
901461,0.0176,tree_cover_pct,True,False
901462,0.0,,False,False
901463,0.0,,False,False
901464,0.0,,False,False
901465,0.0,,False,False
901466,0.0,,False,False
901467,0.0,,False,False
901468,0.0,,False,False
901469,0.0,,False,False
901470,0.0,,False,False
901471,0.0,,False,False
901472,0.0,,False,False
901473,0.0,,False,False
901474,0.0,,False,False
901475,0.0,,False,False
901476,0.0,,False,False
901477,0.0,,False,False
901478,0.0,,False,False
901479,0.05,road_density_km_per_km2,True,False
901480,0.0,,False,False
901481,0.0,,False,False
901482,0.0382,road_density_km_per_km2,True,False
901483,0.0227,road_density_km_per_km2,True,False
901484,0.066,road_density_km_per_km2,True,False
901485,0.0,,False,False
901486,0.0,,False,False
901487,0.0,,False,False
901488,0.0,cropland_pct,False,False
901489,0.0,,False,False
901490,0.2263,slope_deg,True,False
901491,0.1737,slope_deg,True,False
901492,0.3011,slope_deg,True,True
901493,0.2026,slope_deg,True,False
901494,0.0,,False,False
901495,0.0029,tree_cover_pct,True,False
901496,0.0,,False,False
901497,0.0,,False,False
901498,0.0,,False,False
901499,0.0,,False,False
901500,0.0,,False,False
901501,0.0,,False,False
901502,0.0,,False,False
901503,0.0,,False,False
901504,0.0,,False,False
901505,0.0108,tree_cover_pct,True,False
901506,0.03,tree_cover_pct,True,False
901507,0.0785,slope_deg,True,False
901508,0.0,,False,False
901509,0.0,,False,False
901510,0.0,,False,False
901511,0.0,,False,False
901512,0.0,,False,False
901513,0.0,,False,False
901514,0.0,,False,False
901515,0.0,,False,False
901516,0.0,,False,False
901517,0.0,,False,False
901518,0.0,,False,False
901519,0.0,,False,False
901520,0.0,,False,False
901521,0.0,,False,False
901522,0.0,,False,False
901523,0.0,,False,False
901524,0.0,,False,False
901525,0.0646,road_density_km_per_km2,True,False
901526,0.0,,False,False
901527,0.1147,slope_deg,True,False
901528,0.1374,slope_deg,True,False
901529,0.0,,False,False
901530,0.0,,False,False
901531,0.0,,False,False
901532,0.0,,False,False
901533,0.0,,False,False
901534,0.0,,False,False
901535,0.0065,tree_cover_pct,True,False
901536,0.2256,slope_deg,True,False
901537,0.0,,False,False
901538,0.0075,tree_cover_pct,True,False
901539,0.0,,False,False
901540,0.0,,False,False
901541,0.0,,False,False
901542,0.0013,dist_to_nearest_powerplant_km,True,False
901543,0.0,,False,False
901544,0.0242,confidence_rmse,True,False
901545,0.0,,False,False
901546,0.1759,cropland_pct,True,False
901547,0.0,,False,False
901548,0.0079,tree_cover_pct,True,False
901549,0.0311,tree_cover_pct,True,False
901550,0.0232,tree_cover_pct,True,False
901551,0.0147,tree_cover_pct,True,False
901552,0.0,,False,False
901553,0.0,,False,False
901554,0.0,,False,False
901555,0.0,,False,False
901556,0.0,,False,False
901557,0.0,,False,False
901558,0.0,,False,False
901559,0.0,,False,False
901560,0.0,,False,False
901561,0.0,,False,False
901562,0.0,,False,False
901563,0.0,,False,False
901564,0.0,,False,False
901565,0.0,,False,False
901566,0.0,,False,False
901567,0.0,,False,False
901568,0.0154,road_density_km_per_km2,True,False
901569,0.0,,False,False
901570,0.0,,False,False
901571,0.0,,False,False
901572,0.0,,False,False
901573,0.0,,False,False
901574,0.0,,False,False
901575,0.0,,False,False
901576,0.0,,False,False
901577,0.0,,False,False
901578,0.0,,False,False
901579,0.1192,slope_deg,True,False
901580,0.0,,False,False
901581,0.0,,False,False
901582,0.019,confidence_rmse,True,False
901583,0.0,,False,False
901584,0.014,road_density_km_per_km2,True,False
901585,0.0,,False,False
901586,0.0574,cropland_pct,True,False
901587,0.0865,cropland_pct,True,False
901588,0.1441,cropland_pct,True,False
901589,0.0,,False,False
901590,0.0,,False,False
901591,0.0,,False,False
901592,0.0,,False,False
901593,0.0,,False,False
901594,0.0,,False,False
901595,0.0014,tree_cover_pct,True,False
901596,0.0,,False,False
901597,0.0,,False,False
901598,0.0,,False,False
901599,0.0,,False,False
901600,0.0,,False,False
901601,0.0,,False,False
901602,0.0,,False,False
901603,0.0,,False,False
901604,0.0,,False,False
901605,0.0,,False,False
901606,0.0,,False,False
901607,0.0,,False,False
901608,0.0,,False,False
901609,0.0,,False,False
901610,0.2091,water_pct,True,False
901611,0.0,,False,False
901612,0.0,,False,False
901613,0.0461,slope_deg,True,False
901614,0.0009,grassland_pct,True,False
901615,0.021,tree_cover_pct,True,False
901616,0.0144,tree_cover_pct,True,False
901617,0.0,,False,False
901618,0.0,,False,False
901619,0.2894,grassland_pct,True,True
901620,0.5524,grassland_pct,True,True
901621,0.1347,cropland_pct,True,False
901622,0.3206,slope_deg,True,True
901623,0.0507,road_density_km_per_km2,True,False
901624,0.0266,road_density_km_per_km2,True,False
901625,0.0,,False,False
901626,0.0195,road_density_km_per_km2,True,False
901627,0.1979,cropland_pct,True,False
901628,0.1965,cropland_pct,True,False
901629,0.0,,False,False
901630,0.0,,False,False
901631,0.0,,False,False
901632,0.0,,False,False
901633,0.0,,False,False
901634,0.0,,False,False
901635,0.0,,False,False
901636,0.0,,False,False
901637,0.0,,False,False
901638,0.0,,False,False
901639,0.0,,False,False
901640,0.0,,False,False
901641,0.0,,False,False
901642,0.0,,False,False
901643,0.0,,False,False
901644,0.0,,False,False
901645,0.0,,False,False
901646,0.0,,False,False
901647,0.0,,False,False
901648,0.0,,False,False
901649,0.0,,False,False
901650,0.0,,False,False
901651,0.0,,False,False
901652,0.4817,water_pct,True,True
901653,0.0,,False,False
901654,0.0,,False,False
901655,0.1052,slope_deg,True,False
901656,0.0306,tree_cover_pct,True,False
901657,0.0322,tree_cover_pct,True,False
901658,0.0025,tree_cover_pct,True,False
901659,0.0,,False,False
901660,0.0,,False,False
901661,0.0,,False,False
901662,0.1901,grassland_pct,True,False
901663,0.1809,cropland_pct,True,False
901664,0.1348,cropland_pct,True,False
901665,0.2017,slope_deg,True,False
901666,0.212,slope_deg,True,False
901667,0.0186,confidence_rmse,True,False
901668,0.0722,road_density_km_per_km2,True,False
901669,0.0823,cropland_pct,True,False
901670,0.2398,cropland_pct,True,False
901671,0.1425,cropland_pct,True,False
901672,0.0,,False,False
901673,0.0,,False,False
901674,0.0,,False,False
901675,0.0,,False,False
901676,0.0,,False,False
901677,0.0006,tree_cover_pct,True,False
901678,0.0,,False,False
901679,0.0,,False,False
901680,0.0,,False,False
901681,0.0,,False,False
901682,0.0,,False,False
901683,0.0,,False,False
901684,0.0,,False,False
901685,0.0,,False,False
901686,0.0,,False,False
901687,0.0,,False,False
901688,0.0136,road_density_km_per_km2,True,False
901689,0.0,,False,False
901690,0.1192,bare_sparse_veg_pct,True,False
901691,0.0,,False,False
901692,0.0,,False,False
901693,0.0,,False,False
901694,0.0,,False,False
901695,0.2957,water_pct,True,True
901696,0.0,,False,False
901697,0.0,,False,False
901698,0.0526,slope_deg,True,False
901699,0.0,,False,False
901700,0.068,slope_deg,True,False
901701,0.0329,slope_deg,True,False
901702,0.0,,False,False
901703,0.0,,False,False
901704,0.0,,False,False
901705,0.0,,False,False
901706,0.2045,cropland_pct,True,False
901707,0.4109,bare_sparse_veg_pct,True,True
901708,1.1358,bare_sparse_veg_pct,True,True
901709,0.354,slope_deg,True,True
901710,0.0395,confidence_rmse,True,False
901711,0.0777,road_density_km_per_km2,True,False
901712,0.1635,cropland_pct,True,False
901713,0.1698,cropland_pct,True,False
901714,0.0,,False,False
901715,0.0,,False,False
901716,0.0,,False,False
901717,0.0,,False,False
901718,0.0058,tree_cover_pct,True,False
901719,0.0013,tree_cover_pct,True,False
901720,0.0228,tree_cover_pct,True,False
901721,0.0241,tree_cover_pct,True,False
901722,0.0,,False,False
901723,0.0,,False,False
901724,0.0,,False,False
901725,0.0,,False,False
901726,0.0,,False,False
901727,0.0,,False,False
901728,0.0,,False,False
901729,0.0,,False,False
901730,0.0,,False,False
901731,0.0,,False,False
901732,0.0,,False,False
901733,0.0,,False,False
901734,0.0,,False,False
901735,0.0,,False,False
901736,0.0,,False,False
901737,0.0537,slope_deg,True,False
901738,0.1155,slope_deg,True,False
901739,0.0166,slope_deg,True,False
901740,0.0,,False,False
901741,0.0,,False,False
901742,0.0,,False,False
901743,0.0183,slope_deg,True,False
901744,0.0306,slope_deg,True,False
901745,0.0,,False,False
901746,0.0,,False,False
901747,0.0,,False,False
901748,0.039,slope_deg,True,False
901749,0.1701,cropland_pct,True,False
901750,0.5619,bare_sparse_veg_pct,True,True
901751,0.5663,bare_sparse_veg_pct,True,True
901752,0.2549,slope_deg,True,True
901753,0.2818,slope_deg,True,True
901754,0.0,,False,False
901755,0.0165,confidence_rmse,True,False
901756,0.1091,cropland_pct,True,False
901757,0.1029,cropland_pct,True,False
901758,0.0544,cropland_pct,True,False
901759,0.0032,road_density_km_per_km2,True,False
901760,0.0567,road_density_km_per_km2,True,False
901761,0.1908,cropland_pct,True,False
901762,0.1445,cropland_pct,True,False
901763,0.2342,grassland_pct,True,False
901764,0.5109,grassland_pct,True,True
901765,0.0,,False,False
901766,0.0,,False,False
901767,0.0025,tree_cover_pct,True,False
901768,0.0,,False,False
901769,0.0,,False,False
901770,0.0,,False,False
901771,0.0,,False,False
901772,0.0006,tree_cover_pct,True,False
901773,0.0,,False,False
901774,0.0,,False,False
901775,0.0531,slope_deg,True,False
901776,0.0353,slope_deg,True,False
901777,0.0452,slope_deg,True,False
901778,0.0,,False,False
901779,0.0508,road_density_km_per_km2,True,False
901780,0.1428,water_pct,True,False
901781,0.1605,slope_deg,True,False
901782,0.0696,slope_deg,True,False
901783,0.0318,slope_deg,True,False
901784,0.0,,False,False
901785,0.0,,False,False
901786,0.0,,False,False
901787,0.0049,tree_cover_pct,True,False
901788,0.0,,False,False
901789,0.0036,slope_deg,True,False
901790,0.1133,slope_deg,True,False
901791,0.0685,slope_deg,True,False
901792,0.1358,cropland_pct,True,False
901793,0.2275,cropland_pct,True,False
901794,0.1141,cropland_pct,True,False
901795,0.1056,slope_deg,True,False
901796,0.1695,slope_deg,True,False
901797,0.3027,slope_deg,True,True
901798,0.1885,slope_deg,True,False
901799,0.0212,confidence_rmse,True,False
901800,0.1438,cropland_pct,True,False
901801,0.2241,cropland_pct,True,False
901802,0.0696,cropland_pct,True,False
901803,0.0456,road_density_km_per_km2,True,False
901804,0.1124,road_density_km_per_km2,True,False
901805,0.1075,road_density_km_per_km2,True,False
901806,0.0086,slope_deg,True,False
901807,0.0205,tree_cover_pct,True,False
901808,0.0,,False,False
901809,0.0,,False,False
901810,0.0127,tree_cover_pct,True,False
901811,0.0161,tree_cover_pct,True,False
901812,0.0,,False,False
901813,0.0,,False,False
901814,0.0,,False,False
901815,0.0,,False,False
901816,0.0207,tree_cover_pct,True,False
901817,0.0123,tree_cover_pct,True,False
901818,0.0,,False,False
901819,0.0289,slope_deg,True,False
901820,0.0,,False,False
901821,0.0,,False,False
901822,0.0,,False,False
901823,0.1472,road_density_km_per_km2,True,False
901824,0.2194,slope_deg,True,False
901825,0.1027,slope_deg,True,False
901826,0.0602,slope_deg,True,False
901827,0.1287,slope_deg,True,False
901828,0.0471,slope_deg,True,False
901829,0.005,slope_deg,True,False
901830,0.0,,False,False
901831,0.2205,grassland_pct,True,False
901832,0.7737,grassland_pct,True,True
901833,0.6612,grassland_pct,True,True
901834,0.1021,slope_deg,True,False
901835,0.1343,grassland_pct,True,False
901836,0.2114,cropland_pct,True,False
901837,0.0866,cropland_pct,True,False
901838,0.0944,cropland_pct,True,False
901839,0.0486,slope_deg,True,False
901840,0.1749,slope_deg,True,False
901841,0.2303,slope_deg,True,False
901842,0.2624,slope_deg,True,True
901843,0.0965,cropland_pct,True,False
901844,0.2131,cropland_pct,True,False
901845,0.1192,slope_deg,True,False
901846,0.0536,slope_deg,True,False
901847,0.0767,slope_deg,True,False
901848,0.0945,road_density_km_per_km2,True,False
901849,0.0845,slope_deg,True,False
901850,0.006,confidence_rmse,True,False
901851,0.0,,False,False
901852,0.0,,False,False
901853,0.0092,tree_cover_pct,True,False
901854,0.0188,tree_cover_pct,True,False
901855,0.0,,False,False
901856,0.0,,False,False
901857,0.0,,False,False
901858,0.0,,False,False
901859,0.0,,False,False
901860,0.0,,False,False
901861,0.0,,False,False
901862,0.0,,False,False
901863,0.0,,False,False
901864,0.0,,False,False
901865,0.03,slope_deg,True,False
901866,0.0046,slope_deg,True,False
901867,0.1089,road_density_km_per_km2,True,False
901868,0.387,water_pct,True,True
901869,0.2334,water_pct,True,False
901870,0.1372,slope_deg,True,False
901871,0.1009,slope_deg,True,False
901872,0.0618,slope_deg,True,False
901873,0.0096,slope_deg,True,False
901874,0.05,slope_deg,True,False
901875,0.191,grassland_pct,True,False
901876,0.4171,grassland_pct,True,True
901877,0.4311,grassland_pct,True,True
901878,0.6032,grassland_pct,True,True
901879,0.1969,grassland_pct,True,False
901880,0.0924,cropland_pct,True,False
901881,0.0006,confidence_rmse,True,False
901882,0.0581,cropland_pct,True,False
901883,0.1103,cropland_pct,True,False
901884,0.0978,cropland_pct,True,False
901885,0.3095,slope_deg,True,True
901886,0.4538,slope_deg,True,True
901887,0.2669,slope_deg,True,True
901888,0.2581,cropland_pct,True,True
901889,0.0977,cropland_pct,True,False
901890,0.1186,slope_deg,True,False
901891,0.0694,slope_deg,True,False
901892,0.07,road_density_km_per_km2,True,False
901893,0.1619,cropland_pct,True,False
901894,0.0,,False,False
901895,0.0029,slope_deg,True,False
901896,0.0783,slope_deg,True,False
901897,0.0128,slope_deg,True,False
901898,0.0,,False,False
901899,0.0,,False,False
901900,0.0,,False,False
901901,0.0,,False,False
901902,0.004,tree_cover_pct,True,False
901903,0.0,,False,False
901904,0.0,,False,False
901905,0.0,,False,False
901906,0.0,,False,False
901907,0.0279,slope_deg,True,False
901908,0.0466,slope_deg,True,False
901909,0.1394,slope_deg,True,False
901910,0.0532,road_density_km_per_km2,True,False
901911,0.1365,road_density_km_per_km2,True,False
901912,0.148,road_density_km_per_km2,True,False
901913,0.0967,slope_deg,True,False
901914,0.1942,slope_deg,True,False
901915,0.1315,slope_deg,True,False
901916,0.0,,False,False
901917,0.0,,False,False
901918,0.0697,slope_deg,True,False
901919,0.2378,grassland_pct,True,False
901920,0.1064,dist_to_nearest_powerplant_km,True,False
901921,0.5079,grassland_pct,True,True
901922,0.6003,grassland_pct,True,True
901923,0.0307,slope_deg,True,False
901924,0.1408,cropland_pct,True,False
901925,0.0864,road_density_km_per_km2,True,False
901926,0.2067,cropland_pct,True,False
901927,0.1391,slope_deg,True,False
901928,0.161,slope_deg,True,False
901929,0.1221,slope_deg,True,False
901930,0.2043,slope_deg,True,False
901931,0.2258,slope_deg,True,False
901932,0.1732,cropland_pct,True,False
901933,0.2676,cropland_pct,True,True
901934,0.2636,cropland_pct,True,True
901935,0.1485,cropland_pct,True,False
901936,0.0926,cropland_pct,True,False
901937,0.1064,cropland_pct,True,False
901938,0.0,,False,False
901939,0.0,,False,False
901940,0.0,,False,False
901941,0.0,,False,False
901942,0.0,,False,False
901943,0.0,,False,False
901944,0.0134,road_density_km_per_km2,True,False
901945,0.022,road_density_km_per_km2,True,False
901946,0.0288,slope_deg,True,False
901947,0.0,,False,False
901948,0.0,,False,False
901949,0.0208,road_density_km_per_km2,True,False
901950,0.0,,False,False
901951,0.0,,False,False
901952,0.0,,False,False
901953,0.083,cropland_pct,True,False
901954,0.1257,road_density_km_per_km2,True,False
901955,0.1592,cropland_pct,True,False
901956,0.2166,slope_deg,True,False
901957,0.226,slope_deg,True,False
901958,0.2753,slope_deg,True,True
901959,0.2826,slope_deg,True,True
901960,0.1505,slope_deg,True,False
901961,0.063,dist_to_nearest_powerplant_km,True,False
901962,0.1246,grassland_pct,True,False
901963,0.2428,grassland_pct,True,False
901964,0.3103,grassland_pct,True,True
901965,0.3518,grassland_pct,True,True
901966,0.123,dist_to_nearest_powerplant_km,True,False
901967,0.1055,slope_deg,True,False
901968,0.2603,cropland_pct,True,True
901969,0.2364,cropland_pct,True,False
901970,0.1964,cropland_pct,True,False
901971,0.0866,slope_deg,True,False
901972,0.1277,slope_deg,True,False
901973,0.1307,slope_deg,True,False
901974,0.1675,slope_deg,True,False
901975,0.2231,slope_deg,True,False
901976,0.205,slope_deg,True,False
901977,0.2636,cropland_pct,True,True
901978,0.2241,cropland_pct,True,False
901979,0.2586,cropland_pct,True,True
901980,0.0859,cropland_pct,True,False
901981,0.0,,False,False
901982,0.0,,False,False
901983,0.0281,industrial_landuse_fraction,True,False
901984,0.0,,False,False
901985,0.0,,False,False
901986,0.0,,False,False
901987,0.0,,False,False
901988,0.0398,road_density_km_per_km2,True,False
901989,0.0256,road_density_km_per_km2,True,False
901990,0.0,,False,False
901991,0.0,,False,False
901992,0.0,,False,False
901993,0.0,,False,False
901994,0.0,,False,False
901995,0.0171,road_density_km_per_km2,True,False
901996,0.0719,dist_to_nearest_powerplant_km,True,False
901997,0.1468,dist_to_nearest_powerplant_km,True,False
901998,0.2297,dist_to_nearest_powerplant_km,True,False
901999,0.2056,slope_deg,True,False
902000,0.1999,slope_deg,True,False
902001,0.1703,slope_deg,True,False
902002,0.2065,slope_deg,True,False
902003,0.5242,grassland_pct,True,True
902004,0.829,grassland_pct,True,True
902005,0.3982,grassland_pct,True,True
902006,0.2246,dist_to_nearest_powerplant_km,True,False
902007,0.2785,dist_to_nearest_powerplant_km,True,True
902008,0.3278,dist_to_nearest_powerplant_km,True,True
902009,0.2802,dist_to_nearest_powerplant_km,True,True
902010,0.2432,dist_to_nearest_powerplant_km,True,False
902011,0.2177,dist_to_nearest_powerplant_km,True,False
902012,0.077,road_density_km_per_km2,True,False
902013,0.0809,road_density_km_per_km2,True,False
902014,0.2826,slope_deg,True,True
902015,0.0698,slope_deg,True,False
902016,0.1259,dist_to_nearest_powerplant_km,True,False
902017,0.2029,dist_to_nearest_powerplant_km,True,False
902018,0.2016,dist_to_nearest_powerplant_km,True,False
902019,0.1496,slope_deg,True,False
902020,0.3612,slope_deg,True,True
902021,0.0,,False,False
902022,0.1193,cropland_pct,True,False
902023,0.052,slope_deg,True,False
902024,0.0,,False,False
902025,0.0,,False,False
902026,0.0,,False,False
902027,0.0,,False,False
902028,0.0,,False,False
902029,0.0163,tree_cover_pct,True,False
902030,0.001,slope_deg,True,False
902031,0.0,,False,False
902032,0.0,,False,False
902033,0.0,,False,False
902034,0.0,,False,False
902035,0.0,,False,False
902036,0.0,,False,False
902037,0.0692,dist_to_nearest_powerplant_km,True,False
902038,0.1175,dist_to_nearest_powerplant_km,True,False
902039,0.1768,dist_to_nearest_powerplant_km,True,False
902040,0.2455,dist_to_nearest_powerplant_km,True,False
902041,0.3223,dist_to_nearest_powerplant_km,True,True
902042,0.3054,dist_to_nearest_powerplant_km,True,True
902043,0.2751,dist_to_nearest_powerplant_km,True,True
902044,0.2562,dist_to_nearest_powerplant_km,True,True
902045,0.2493,dist_to_nearest_powerplant_km,True,False
902046,0.7428,grassland_pct,True,True
902047,0.9503,grassland_pct,True,True
902048,0.8968,grassland_pct,True,True
902049,0.6336,grassland_pct,True,True
902050,0.3897,dist_to_nearest_powerplant_km,True,True
902051,0.4419,dist_to_nearest_powerplant_km,True,True
902052,0.3982,dist_to_nearest_powerplant_km,True,True
902053,0.3643,dist_to_nearest_powerplant_km,True,True
902054,0.341,dist_to_nearest_powerplant_km,True,True
902055,0.0473,dist_to_nearest_powerplant_km,True,False
902056,0.7153,bare_sparse_veg_pct,True,True
902057,0.2943,bare_sparse_veg_pct,True,True
902058,0.1668,dist_to_nearest_powerplant_km,True,False
902059,0.2291,dist_to_nearest_powerplant_km,True,False
902060,0.3001,dist_to_nearest_powerplant_km,True,True
902061,0.2146,dist_to_nearest_powerplant_km,True,False
902062,0.1319,cropland_pct,True,False
902063,0.2079,slope_deg,True,False
902064,0.0803,slope_deg,True,False
902065,0.0,,False,False
902066,0.1447,cropland_pct,True,False
902067,0.0,,False,False
902068,0.0,,False,False
902069,0.0,,False,False
902070,0.0,,False,False
902071,0.0721,bare_sparse_veg_pct,True,False
902072,0.0364,bare_sparse_veg_pct,True,False
902073,0.0,,False,False
902074,0.0,,False,False
902075,0.0,,False,False
902076,0.0,,False,False
902077,0.0,,False,False
902078,0.0,,False,False
902079,0.0145,dist_to_nearest_powerplant_km,True,False
902080,0.1369,dist_to_nearest_powerplant_km,True,False
902081,0.231,dist_to_nearest_powerplant_km,True,False
902082,0.2852,dist_to_nearest_powerplant_km,True,True
902083,0.3485,dist_to_nearest_powerplant_km,True,True
902084,0.4198,dist_to_nearest_powerplant_km,True,True
902085,0.4253,dist_to_nearest_powerplant_km,True,True
902086,0.3976,dist_to_nearest_powerplant_km,True,True
902087,0.3803,dist_to_nearest_powerplant_km,True,True
902088,0.374,dist_to_nearest_powerplant_km,True,True
902089,0.3788,dist_to_nearest_powerplant_km,True,True
902090,0.3946,dist_to_nearest_powerplant_km,True,True
902091,0.4743,grassland_pct,True,True
902092,0.4573,dist_to_nearest_powerplant_km,True,True
902093,0.503,dist_to_nearest_powerplant_km,True,True
902094,0.5572,dist_to_nearest_powerplant_km,True,True
902095,0.5172,dist_to_nearest_powerplant_km,True,True
902096,0.486,dist_to_nearest_powerplant_km,True,True
902097,0.4646,dist_to_nearest_powerplant_km,True,True
902098,0.1705,dist_to_nearest_powerplant_km,True,False
902099,0.195,dist_to_nearest_powerplant_km,True,False
902100,0.2314,dist_to_nearest_powerplant_km,True,False
902101,0.2788,dist_to_nearest_powerplant_km,True,True
902102,0.3359,dist_to_nearest_powerplant_km,True,True
902103,0.3607,dist_to_nearest_powerplant_km,True,True
902104,0.2399,dist_to_nearest_powerplant_km,True,False
902105,0.12,dist_to_nearest_powerplant_km,True,False
902106,0.1386,slope_deg,True,False
902107,0.14,slope_deg,True,False
902108,0.0081,slope_deg,True,False
902109,0.1025,cropland_pct,True,False
902110,0.0,,False,False
902111,0.0102,road_density_km_per_km2,True,False
902112,0.0,,False,False
902113,0.0,,False,False
902114,0.7059,bare_sparse_veg_pct,True,True
902115,0.8002,bare_sparse_veg_pct,True,True
902116,0.0,,False,False
902117,0.0,,False,False
902118,0.0,,False,False
902119,0.2739,slope_deg,True,True
902120,0.0,,False,False
902121,0.0,,False,False
902122,0.0446,dist_to_nearest_powerplant_km,True,False
902123,0.1639,dist_to_nearest_powerplant_km,True,False
902124,0.2842,dist_to_nearest_powerplant_km,True,True
902125,0.3963,dist_to_nearest_powerplant_km,True,True
902126,0.4548,dist_to_nearest_powerplant_km,True,True
902127,0.5212,dist_to_nearest_powerplant_km,True,True
902128,0.546,dist_to_nearest_powerplant_km,True,True
902129,0.5204,dist_to_nearest_powerplant_km,True,True
902130,0.5046,dist_to_nearest_powerplant_km,True,True
902131,0.4988,dist_to_nearest_powerplant_km,True,True
902132,0.5032,dist_to_nearest_powerplant_km,True,True
902133,0.5177,dist_to_nearest_powerplant_km,True,True
902134,0.5419,dist_to_nearest_powerplant_km,True,True
902135,0.5756,dist_to_nearest_powerplant_km,True,True
902136,0.618,dist_to_nearest_powerplant_km,True,True
902137,0.6685,dist_to_nearest_powerplant_km,True,True
902138,0.637,dist_to_nearest_powerplant_km,True,True
902139,0.6081,dist_to_nearest_powerplant_km,True,True
902140,0.5884,dist_to_nearest_powerplant_km,True,True
902141,0.2941,dist_to_nearest_powerplant_km,True,True
902142,0.3163,dist_to_nearest_powerplant_km,True,True
902143,0.3495,dist_to_nearest_powerplant_km,True,True
902144,0.3928,dist_to_nearest_powerplant_km,True,True
902145,0.4455,dist_to_nearest_powerplant_km,True,True
902146,0.3944,dist_to_nearest_powerplant_km,True,True
902147,0.2768,dist_to_nearest_powerplant_km,True,True
902148,0.1606,dist_to_nearest_powerplant_km,True,False
902149,0.0462,dist_to_nearest_powerplant_km,True,False
902150,0.1203,cropland_pct,True,False
902151,0.1868,slope_deg,True,False
902152,0.042,cropland_pct,True,False
902153,0.0492,cropland_pct,True,False
902154,0.0628,slope_deg,True,False
902155,0.0322,slope_deg,True,False
902156,0.0,,False,False
902157,0.0,,False,False
902158,0.0,,False,False
902159,0.0,,False,False
902160,0.0,,False,False
902161,0.0,,False,False
902162,0.0,,False,False
902163,0.0,,False,False
902164,0.0,,False,False
902165,0.088,dist_to_nearest_powerplant_km,True,False
902166,0.2031,dist_to_nearest_powerplant_km,True,False
902167,0.3198,dist_to_nearest_powerplant_km,True,True
902168,0.4378,dist_to_nearest_powerplant_km,True,True
902169,0.5568,dist_to_nearest_powerplant_km,True,True
902170,0.6258,dist_to_nearest_powerplant_km,True,True
902171,0.6673,dist_to_nearest_powerplant_km,True,True
902172,0.6436,dist_to_nearest_powerplant_km,True,True
902173,0.6289,dist_to_nearest_powerplant_km,True,True
902174,0.6236,dist_to_nearest_powerplant_km,True,True
902175,0.6276,dist_to_nearest_powerplant_km,True,True
902176,0.641,dist_to_nearest_powerplant_km,True,True
902177,0.6635,dist_to_nearest_powerplant_km,True,True
902178,0.6948,dist_to_nearest_powerplant_km,True,True
902179,0.7343,dist_to_nearest_powerplant_km,True,True
902180,0.7815,dist_to_nearest_powerplant_km,True,True
902181,0.7575,dist_to_nearest_powerplant_km,True,True
902182,0.7307,dist_to_nearest_powerplant_km,True,True
902183,0.7123,dist_to_nearest_powerplant_km,True,True
902184,0.4381,dist_to_nearest_powerplant_km,True,True
902185,0.4686,dist_to_nearest_powerplant_km,True,True
902186,0.5086,dist_to_nearest_powerplant_km,True,True
902187,0.5533,dist_to_nearest_powerplant_km,True,True
902188,0.438,dist_to_nearest_powerplant_km,True,True
902189,0.3242,dist_to_nearest_powerplant_km,True,True
902190,0.2125,dist_to_nearest_powerplant_km,True,False
902191,0.1765,cropland_pct,True,False
902192,0.1114,cropland_pct,True,False
902193,0.1244,slope_deg,True,False
902194,0.1512,slope_deg,True,False
902195,0.0498,cropland_pct,True,False
902196,0.2001,cropland_pct,True,False
902197,0.1807,cropland_pct,True,False
902198,0.2729,cropland_pct,True,True
902199,0.0048,tree_cover_pct,True,False
902200,0.0,,False,False
902201,0.0,,False,False
902202,0.0,,False,False
902203,0.0,,False,False
902204,0.0,,False,False
902205,0.0,,False,False
902206,0.0362,dist_to_nearest_powerplant_km,True,False
902207,0.1432,dist_to_nearest_powerplant_km,True,False
902208,0.2533,dist_to_nearest_powerplant_km,True,True
902209,0.3658,dist_to_nearest_powerplant_km,True,True
902210,0.4802,dist_to_nearest_powerplant_km,True,True
902211,0.5961,dist_to_nearest_powerplant_km,True,True
902212,0.7131,dist_to_nearest_powerplant_km,True,True
902213,0.789,dist_to_nearest_powerplant_km,True,True
902214,0.7669,dist_to_nearest_powerplant_km,True,True
902215,0.7533,dist_to_nearest_powerplant_km,True,True
902216,0.7483,dist_to_nearest_powerplant_km,True,True
902217,0.7521,dist_to_nearest_powerplant_km,True,True
902218,0.7646,dist_to_nearest_powerplant_km,True,True
902219,0.7855,dist_to_nearest_powerplant_km,True,True
902220,0.8147,dist_to_nearest_powerplant_km,True,True
902221,0.8517,dist_to_nearest_powerplant_km,True,True
902222,0.896,dist_to_nearest_powerplant_km,True,True
902223,0.8786,dist_to_nearest_powerplant_km,True,True
902224,0.8535,dist_to_nearest_powerplant_km,True,True
902225,0.8363,dist_to_nearest_powerplant_km,True,True
902226,0.5604,dist_to_nearest_powerplant_km,True,True
902227,0.5886,dist_to_nearest_powerplant_km,True,True
902228,0.6257,dist_to_nearest_powerplant_km,True,True
902229,0.6023,dist_to_nearest_powerplant_km,True,True
902230,0.4907,dist_to_nearest_powerplant_km,True,True
902231,0.3812,dist_to_nearest_powerplant_km,True,True
902232,0.2744,dist_to_nearest_powerplant_km,True,True
902233,0.1711,dist_to_nearest_powerplant_km,True,False
902234,0.0835,cropland_pct,True,False
902235,0.0549,slope_deg,True,False
902236,0.1299,slope_deg,True,False
902237,0.1067,cropland_pct,True,False
902238,0.1952,cropland_pct,True,False
902239,0.1468,cropland_pct,True,False
902240,0.0287,cropland_pct,True,False
902241,0.0032,tree_cover_pct,True,False
902242,0.0,,False,False
902243,0.0,,False,False
902244,0.0,,False,False
902245,0.1674,bare_sparse_veg_pct,True,False
902246,0.0,,False,False
902247,0.0123,dist_to_nearest_powerplant_km,True,False
902248,0.1078,dist_to_nearest_powerplant_km,True,False
902249,0.2086,dist_to_nearest_powerplant_km,True,False
902250,0.3133,dist_to_nearest_powerplant_km,True,True
902251,0.4212,dist_to_nearest_powerplant_km,True,True
902252,0.5315,dist_to_nearest_powerplant_km,True,True
902253,0.6438,dist_to_nearest_powerplant_km,True,True
902254,0.7577,dist_to_nearest_powerplant_km,True,True
902255,0.8729,dist_to_nearest_powerplant_km,True,True
902256,0.8905,dist_to_nearest_powerplant_km,True,True
902257,0.8777,dist_to_nearest_powerplant_km,True,True
902258,0.8731,dist_to_nearest_powerplant_km,True,True
902259,0.8766,dist_to_nearest_powerplant_km,True,True
902260,0.8883,dist_to_nearest_powerplant_km,True,True
902261,0.9079,dist_to_nearest_powerplant_km,True,True
902262,0.9352,dist_to_nearest_powerplant_km,True,True
902263,0.97,dist_to_nearest_powerplant_km,True,True
902264,1.0117,dist_to_nearest_powerplant_km,True,True
902265,1.0001,dist_to_nearest_powerplant_km,True,True
902266,0.9765,dist_to_nearest_powerplant_km,True,True
902267,0.9605,dist_to_nearest_powerplant_km,True,True
902268,0.7092,dist_to_nearest_powerplant_km,True,True
902269,0.7438,dist_to_nearest_powerplant_km,True,True
902270,0.6591,dist_to_nearest_powerplant_km,True,True
902271,0.5515,dist_to_nearest_powerplant_km,True,True
902272,0.4466,dist_to_nearest_powerplant_km,True,True
902273,0.345,dist_to_nearest_powerplant_km,True,True
902274,0.2474,dist_to_nearest_powerplant_km,True,False
902275,0.1548,dist_to_nearest_powerplant_km,True,False
902276,0.1026,cropland_pct,True,False
902277,0.1523,cropland_pct,True,False
902278,0.2556,slope_deg,True,True
902279,0.0,,False,False
902280,0.0,,False,False
902281,0.0,,False,False
902282,0.0,,False,False
902283,0.0,,False,False
902284,0.0,,False,False
902285,0.0,,False,False
902286,0.0,,False,False
902287,0.0181,dist_to_nearest_powerplant_km,True,False
902288,0.0995,dist_to_nearest_powerplant_km,True,False
902289,0.1882,dist_to_nearest_powerplant_km,True,False
902290,0.2827,dist_to_nearest_powerplant_km,True,True
902291,0.3819,dist_to_nearest_powerplant_km,True,True
902292,0.4848,dist_to_nearest_powerplant_km,True,True
902293,0.5908,dist_to_nearest_powerplant_km,True,True
902294,0.6594,dist_to_nearest_powerplant_km,True,True
902295,0.7098,dist_to_nearest_powerplant_km,True,True
902296,0.7674,dist_to_nearest_powerplant_km,True,True
902297,0.8316,dist_to_nearest_powerplant_km,True,True
902298,0.9017,dist_to_nearest_powerplant_km,True,True
902299,0.977,dist_to_nearest_powerplant_km,True,True
902300,1.0012,dist_to_nearest_powerplant_km,True,True
902301,1.0121,dist_to_nearest_powerplant_km,True,True
902302,1.0305,dist_to_nearest_powerplant_km,True,True
902303,1.0562,dist_to_nearest_powerplant_km,True,True
902304,1.089,dist_to_nearest_powerplant_km,True,True
902305,1.1285,dist_to_nearest_powerplant_km,True,True
902306,1.122,dist_to_nearest_powerplant_km,True,True
902307,1.0998,dist_to_nearest_powerplant_km,True,True
902308,1.0847,dist_to_nearest_powerplant_km,True,True
902309,0.8289,dist_to_nearest_powerplant_km,True,True
902310,0.723,dist_to_nearest_powerplant_km,True,True
902311,0.6196,dist_to_nearest_powerplant_km,True,True
902312,0.5194,dist_to_nearest_powerplant_km,True,True
902313,0.4229,dist_to_nearest_powerplant_km,True,True
902314,0.3309,dist_to_nearest_powerplant_km,True,True
902315,0.2445,dist_to_nearest_powerplant_km,True,False
902316,0.1648,dist_to_nearest_powerplant_km,True,False
902317,0.1392,cropland_pct,True,False
902318,0.0318,dist_to_nearest_powerplant_km,True,False
902319,0.1348,slope_deg,True,False
902320,0.0,,False,False
902321,0.2191,cropland_pct,True,False
902322,0.124,cropland_pct,True,False
902323,0.0,,False,False
902324,0.0,,False,False
902325,0.0,,False,False
902326,0.0532,dist_to_nearest_powerplant_km,True,False
902327,0.1186,dist_to_nearest_powerplant_km,True,False
902328,0.1932,dist_to_nearest_powerplant_km,True,False
902329,0.2497,dist_to_nearest_powerplant_km,True,False
902330,0.3068,dist_to_nearest_powerplant_km,True,True
902331,0.3727,dist_to_nearest_powerplant_km,True,True
902332,0.4462,dist_to_nearest_powerplant_km,True,True
902333,0.4987,dist_to_nearest_powerplant_km,True,True
902334,0.5444,dist_to_nearest_powerplant_km,True,True
902335,0.5984,dist_to_nearest_powerplant_km,True,True
902336,0.6598,dist_to_nearest_powerplant_km,True,True
902337,0.728,dist_to_nearest_powerplant_km,True,True
902338,0.802,dist_to_nearest_powerplant_km,True,True
902339,0.8813,dist_to_nearest_powerplant_km,True,True
902340,0.9652,dist_to_nearest_powerplant_km,True,True
902341,1.0532,dist_to_nearest_powerplant_km,True,True
902342,1.1447,dist_to_nearest_powerplant_km,True,True
902343,1.1777,dist_to_nearest_powerplant_km,True,True
902344,1.2087,dist_to_nearest_powerplant_km,True,True
902345,1.246,dist_to_nearest_powerplant_km,True,True
902346,1.2443,dist_to_nearest_powerplant_km,True,True
902347,1.2232,dist_to_nearest_powerplant_km,True,True
902348,1.2089,dist_to_nearest_powerplant_km,True,True
902349,0.7932,dist_to_nearest_powerplant_km,True,True
902350,0.6941,dist_to_nearest_powerplant_km,True,True
902351,0.5985,dist_to_nearest_powerplant_km,True,True
902352,0.507,dist_to_nearest_powerplant_km,True,True
902353,0.4204,dist_to_nearest_powerplant_km,True,True
902354,0.3397,dist_to_nearest_powerplant_km,True,True
902355,0.2659,dist_to_nearest_powerplant_km,True,True
902356,0.2004,dist_to_nearest_powerplant_km,True,False
902357,0.1445,dist_to_nearest_powerplant_km,True,False
902358,0.2221,slope_deg,True,False
902359,0.2073,slope_deg,True,False
902360,0.1844,cropland_pct,True,False
902361,0.0438,dist_to_nearest_powerplant_km,True,False
902362,0.0427,slope_deg,True,False
902363,0.0091,dist_to_nearest_powerplant_km,True,False
902364,0.0065,dist_to_nearest_powerplant_km,True,False
902365,0.023,tree_cover_pct,True,False
902366,0.0456,dist_to_nearest_powerplant_km,True,False
902367,0.0858,dist_to_nearest_powerplant_km,True,False
902368,0.1377,dist_to_nearest_powerplant_km,True,False
902369,0.2001,dist_to_nearest_powerplant_km,True,False
902370,0.2714,dist_to_nearest_powerplant_km,True,True
902371,0.3418,dist_to_nearest_powerplant_km,True,True
902372,0.3816,dist_to_nearest_powerplant_km,True,True
902373,0.431,dist_to_nearest_powerplant_km,True,True
902374,0.4891,dist_to_nearest_powerplant_km,True,True
902375,0.5548,dist_to_nearest_powerplant_km,True,True
902376,0.6273,dist_to_nearest_powerplant_km,True,True
902377,0.7056,dist_to_nearest_powerplant_km,True,True
902378,0.7892,dist_to_nearest_powerplant_km,True,True
902379,0.8771,dist_to_nearest_powerplant_km,True,True
902380,0.969,dist_to_nearest_powerplant_km,True,True
902381,1.0642,dist_to_nearest_powerplant_km,True,True
902382,1.1623,dist_to_nearest_powerplant_km,True,True
902383,1.263,dist_to_nearest_powerplant_km,True,True
902384,1.3644,dist_to_nearest_powerplant_km,True,True
902385,1.3667,dist_to_nearest_powerplant_km,True,True
902386,1.3468,dist_to_nearest_powerplant_km,True,True
902387,1.3333,dist_to_nearest_powerplant_km,True,True
