feature,train_min,train_max,grid_min,grid_max,n_cells_outside
confidence_rmse,0.1339978097580463,0.4641285299576263,0.1119840032059591,0.2497277929983715,120
tree_cover_pct,2.602904483573207,71.71780130363868,0.0028250853397347,95.95681103344234,361
shrubland_pct,0.0,26.86096701355693,0.0,83.22476140404228,88
grassland_pct,0.1243545278786656,19.135952931380995,0.0,37.20204131160643,86
cropland_pct,0.0451456628130196,78.33324495170211,0.0,99.7000971297046,454
built_up_pct,4.054248091704044,96.84961313621224,0.0,98.65483625508112,365
bare_sparse_veg_pct,0.0197613208843285,10.983365234127614,0.0,24.820395378203926,155
water_pct,0.0,13.88691935838399,0.0,55.50548018599783,35
wetland_herbaceous_pct,0.0,1.2796110129575609,0.0,24.432726370794725,26
elevation_m,199.69065864575344,271.6683391526269,198.65564914330471,300.98965872701456,78
slope_deg,2.682710904689668,4.545165445281239,1.7764493716428165,7.463293987982583,525
road_density_km_per_km2,5.604157341958817,41.37748238090733,0.0,47.10901613822502,619
industrial_landuse_fraction,0.0,0.8619240170466825,0.0,0.9978594927918916,3
dist_to_nearest_powerplant_km,0.1699306367868149,8.205736378174421,0.1689343959869197,19.188522002725414,664
